-- ==========================================================
-- PRISON Database Logical Seed Data
-- Generated on: 2026-06-10T10:35:59.718894
-- ==========================================================

USE PRISON;
GO

-- 1. Clear database tables in correct constraint order
PRINT 'Clearing tables...';
DELETE FROM Schedules;
DELETE FROM DailyPerformance;
DELETE FROM LaborAssignments;
DELETE FROM Incidents;
DELETE FROM VisitRequests;
DELETE FROM Visits;
DELETE FROM Prisoners;
DELETE FROM Users;
DELETE FROM LaborProjects;
DELETE FROM Locations;
DELETE FROM Shifts;
DELETE FROM SchedulingConfigs;
DBCC CHECKIDENT ('Schedules', RESEED, 0);
DBCC CHECKIDENT ('DailyPerformance', RESEED, 0);
DBCC CHECKIDENT ('LaborAssignments', RESEED, 0);
DBCC CHECKIDENT ('Incidents', RESEED, 0);
DBCC CHECKIDENT ('VisitRequests', RESEED, 0);
DBCC CHECKIDENT ('Visits', RESEED, 0);
DBCC CHECKIDENT ('Prisoners', RESEED, 0);
DBCC CHECKIDENT ('Users', RESEED, 0);
DBCC CHECKIDENT ('LaborProjects', RESEED, 0);
DBCC CHECKIDENT ('Locations', RESEED, 0);
DBCC CHECKIDENT ('Shifts', RESEED, 0);
DBCC CHECKIDENT ('SchedulingConfigs', RESEED, 0);
IF EXISTS (SELECT * FROM sys.objects WHERE object_id = OBJECT_ID(N'[dbo].[AuditLog]') AND type in (N'U'))
BEGIN
    DELETE FROM AuditLog;
    DBCC CHECKIDENT ('AuditLog', RESEED, 0);
END
GO

-- 2. Insert SchedulingConfigs
PRINT 'Seeding SchedulingConfigs...';
INSERT INTO SchedulingConfigs (ConfigName, WeightEconomy, WeightSecurity, WeightRehab, CreatedAt)
VALUES (N'Mặc định', 0.40, 0.30, 0.30, GETUTCDATE());
GO

-- 3. Insert Shifts
PRINT 'Seeding Shifts...';
SET IDENTITY_INSERT Shifts ON;
INSERT INTO Shifts (ShiftID, ShiftType, StartTime, EndTime, Capacity, IsForStaff, CreatedAt) VALUES (1, N'Ca Sinh hoạt / Thể dục Sáng', '06:00:00', '07:00:00', 250, 0, GETUTCDATE());
INSERT INTO Shifts (ShiftID, ShiftType, StartTime, EndTime, Capacity, IsForStaff, CreatedAt) VALUES (2, N'Ca Lao động Sáng', '07:30:00', '11:30:00', 250, 0, GETUTCDATE());
INSERT INTO Shifts (ShiftID, ShiftType, StartTime, EndTime, Capacity, IsForStaff, CreatedAt) VALUES (3, N'Ca Ăn Trưa & Nghỉ ngơi', '11:30:00', '13:00:00', 250, 0, GETUTCDATE());
INSERT INTO Shifts (ShiftID, ShiftType, StartTime, EndTime, Capacity, IsForStaff, CreatedAt) VALUES (4, N'Ca Lao động Chiều', '13:30:00', '17:30:00', 250, 0, GETUTCDATE());
INSERT INTO Shifts (ShiftID, ShiftType, StartTime, EndTime, Capacity, IsForStaff, CreatedAt) VALUES (5, N'Ca Sinh hoạt / Tự do Chiều', '17:30:00', '18:30:00', 250, 0, GETUTCDATE());
INSERT INTO Shifts (ShiftID, ShiftType, StartTime, EndTime, Capacity, IsForStaff, CreatedAt) VALUES (6, N'Ca Ăn Tối', '18:30:00', '19:30:00', 250, 0, GETUTCDATE());
INSERT INTO Shifts (ShiftID, ShiftType, StartTime, EndTime, Capacity, IsForStaff, CreatedAt) VALUES (7, N'Ca Điểm danh & Khóa buồng', '21:00:00', '05:30:00', 250, 0, GETUTCDATE());
INSERT INTO Shifts (ShiftID, ShiftType, StartTime, EndTime, Capacity, IsForStaff, CreatedAt) VALUES (8, N'Ca Trực Hành chính (Giám thị)', '07:30:00', '17:30:00', 10, 1, GETUTCDATE());
INSERT INTO Shifts (ShiftID, ShiftType, StartTime, EndTime, Capacity, IsForStaff, CreatedAt) VALUES (9, N'Ca Trực Bảo vệ Sáng', '06:00:00', '14:00:00', 15, 1, GETUTCDATE());
INSERT INTO Shifts (ShiftID, ShiftType, StartTime, EndTime, Capacity, IsForStaff, CreatedAt) VALUES (10, N'Ca Trực Bảo vệ Chiều', '14:00:00', '22:00:00', 15, 1, GETUTCDATE());
INSERT INTO Shifts (ShiftID, ShiftType, StartTime, EndTime, Capacity, IsForStaff, CreatedAt) VALUES (11, N'Ca Trực Bảo vệ Đêm', '22:00:00', '06:00:00', 10, 1, GETUTCDATE());
SET IDENTITY_INSERT Shifts OFF;
GO

-- 4. Insert Locations
PRINT 'Seeding Locations...';
SET IDENTITY_INSERT Locations ON;
INSERT INTO Locations (LocationID, LocationName, Type, Capacity, SecurityLevel, IsActive, CreatedAt) VALUES (1, N'Buồng giam Tập thể C-15', 'Cell', 20, 'medium', 1, GETUTCDATE());
INSERT INTO Locations (LocationID, LocationName, Type, Capacity, SecurityLevel, IsActive, CreatedAt) VALUES (2, N'Buồng giam Tập thể C-16', 'Cell', 20, 'medium', 1, GETUTCDATE());
INSERT INTO Locations (LocationID, LocationName, Type, Capacity, SecurityLevel, IsActive, CreatedAt) VALUES (3, N'Khu giam chất lượng cao A-01', 'Cell', 5, 'high', 1, GETUTCDATE());
INSERT INTO Locations (LocationID, LocationName, Type, Capacity, SecurityLevel, IsActive, CreatedAt) VALUES (4, N'Khu giam chất lượng cao A-02', 'Cell', 5, 'high', 1, GETUTCDATE());
INSERT INTO Locations (LocationID, LocationName, Type, Capacity, SecurityLevel, IsActive, CreatedAt) VALUES (5, N'Khu giam biệt giam B-01', 'Cell', 2, 'max', 1, GETUTCDATE());
INSERT INTO Locations (LocationID, LocationName, Type, Capacity, SecurityLevel, IsActive, CreatedAt) VALUES (6, N'Xưởng gia công đồ gỗ', 'Workshop', 30, 'medium', 1, GETUTCDATE());
INSERT INTO Locations (LocationID, LocationName, Type, Capacity, SecurityLevel, IsActive, CreatedAt) VALUES (7, N'Xưởng may mặc đồ bảo hộ', 'Workshop', 30, 'medium', 1, GETUTCDATE());
INSERT INTO Locations (LocationID, LocationName, Type, Capacity, SecurityLevel, IsActive, CreatedAt) VALUES (8, N'Khu nông nghiệp chăn nuôi', 'Workshop', 40, 'low', 1, GETUTCDATE());
INSERT INTO Locations (LocationID, LocationName, Type, Capacity, SecurityLevel, IsActive, CreatedAt) VALUES (9, N'Nhà bếp trung tâm', 'Workshop', 15, 'medium', 1, GETUTCDATE());
INSERT INTO Locations (LocationID, LocationName, Type, Capacity, SecurityLevel, IsActive, CreatedAt) VALUES (10, N'Khu vực phân loại tái chế', 'Workshop', 25, 'medium', 1, GETUTCDATE());
INSERT INTO Locations (LocationID, LocationName, Type, Capacity, SecurityLevel, IsActive, CreatedAt) VALUES (11, N'Sân sinh hoạt & Thể thao', 'Yard', 150, 'medium', 1, GETUTCDATE());
INSERT INTO Locations (LocationID, LocationName, Type, Capacity, SecurityLevel, IsActive, CreatedAt) VALUES (12, N'Bệnh xá trung tâm', 'Hospital', 15, 'medium', 1, GETUTCDATE());
INSERT INTO Locations (LocationID, LocationName, Type, Capacity, SecurityLevel, IsActive, CreatedAt) VALUES (13, N'Phòng gặp thân nhân', 'Dining', 20, 'medium', 1, GETUTCDATE());
SET IDENTITY_INSERT Locations OFF;
GO

-- 5. Insert Users (SHA-256 legacy hashes match the backend fallback verification)
PRINT 'Seeding Users...';
SET IDENTITY_INSERT Users ON;
INSERT INTO Users (UserID, Username, PasswordHash, FullName, Role, Email, Phone, IsActive, CreatedAt) VALUES (1, 'admin', '240be518fabd2724ddb6f04eeb1da5967448d7e831c08c8fa822809f74c720a9', N'Nguyễn Quốc Khánh', 'Admin', 'admin@prison.gov.vn', '0912345678', 1, GETUTCDATE());
INSERT INTO Users (UserID, Username, PasswordHash, FullName, Role, Email, Phone, IsActive, CreatedAt) VALUES (2, 'warden', 'a08cacabcf3487a4830186ace52ea1cb2cabe3a69b9a037f2fcd67218963aaa3', N'Lê Hữu Đạt', 'Warden', 'warden@prison.gov.vn', '0987654321', 1, GETUTCDATE());
INSERT INTO Users (UserID, Username, PasswordHash, FullName, Role, Email, Phone, IsActive, CreatedAt) VALUES (3, 'guard', '0c29b824ba1b408a3469d1581b79cb7b0a363155bf16f0e642cc9ba75d37b07d', N'Nguyễn Minh Tuấn', 'Guard', 'guard@prison.gov.vn', '0901234567', 1, GETUTCDATE());
INSERT INTO Users (UserID, Username, PasswordHash, FullName, Role, Email, Phone, IsActive, CreatedAt) VALUES (4, 'viewer', '65375049b9e4d7cad6c9ba286fdeb9394b28135a3e84136404cfccfdcc438894', N'Phạm Thùy Linh', 'Viewer', 'viewer@prison.gov.vn', '0934567890', 1, GETUTCDATE());
SET IDENTITY_INSERT Users OFF;
GO

-- 6. Insert LaborProjects
PRINT 'Seeding LaborProjects...';
SET IDENTITY_INSERT LaborProjects ON;
INSERT INTO LaborProjects (ProjectID, ProjectName, LocationID, RevenuePerHour, PriorityScore, MaxWorkers, RequiredSkills, IsActive, CreatedAt) VALUES (1, N'Gia công bàn ghế gỗ xuất khẩu', 6, 15.00, 5, 8, N'Khéo tay, chịu lực tốt', 1, GETUTCDATE());
INSERT INTO LaborProjects (ProjectID, ProjectName, LocationID, RevenuePerHour, PriorityScore, MaxWorkers, RequiredSkills, IsActive, CreatedAt) VALUES (2, N'May trang phục bảo hộ lao động', 7, 12.00, 4, 10, N'Tỉ mỉ, khéo léo', 1, GETUTCDATE());
INSERT INTO LaborProjects (ProjectID, ProjectName, LocationID, RevenuePerHour, PriorityScore, MaxWorkers, RequiredSkills, IsActive, CreatedAt) VALUES (3, N'Trồng trọt rau quả sạch', 8, 8.50, 3, 12, N'Chăm chỉ, khỏe mạnh', 1, GETUTCDATE());
INSERT INTO LaborProjects (ProjectID, ProjectName, LocationID, RevenuePerHour, PriorityScore, MaxWorkers, RequiredSkills, IsActive, CreatedAt) VALUES (4, N'Phân loại rác & tái chế nhựa', 10, 10.00, 2, 6, N'Chịu khó, không ngại bụi bẩn', 1, GETUTCDATE());
INSERT INTO LaborProjects (ProjectID, ProjectName, LocationID, RevenuePerHour, PriorityScore, MaxWorkers, RequiredSkills, IsActive, CreatedAt) VALUES (5, N'Chế biến thực phẩm nhà bếp', 9, 0.00, 4, 5, N'Biết nấu ăn cơ bản', 1, GETUTCDATE());
SET IDENTITY_INSERT LaborProjects OFF;
GO

-- 7. Insert Prisoners
PRINT 'Seeding Prisoners...';
SET IDENTITY_INSERT Prisoners ON;
INSERT INTO Prisoners (PrisonerID, FullName, DateOfBirth, Gender, CrimeType, RiskLevel, ProductivityScore, RehabHours, CurrentLocationID, SentenceStart, SentenceEnd, Status, CreatedAt) VALUES (1, N'Trần Văn An', '1990-05-12', 'Male', N'Trộm cắp tài sản', 'Low', 8.5, 24, 1, '2024-01-10', '2027-01-10', 'InPrison', GETUTCDATE());
INSERT INTO Prisoners (PrisonerID, FullName, DateOfBirth, Gender, CrimeType, RiskLevel, ProductivityScore, RehabHours, CurrentLocationID, SentenceStart, SentenceEnd, Status, CreatedAt) VALUES (2, N'Nguyễn Thị Bình', '1988-11-23', 'Female', N'Lừa đảo chiếm đoạt tài sản', 'Low', 9.0, 26, 2, '2023-05-15', '2028-05-15', 'InPrison', GETUTCDATE());
INSERT INTO Prisoners (PrisonerID, FullName, DateOfBirth, Gender, CrimeType, RiskLevel, ProductivityScore, RehabHours, CurrentLocationID, SentenceStart, SentenceEnd, Status, CreatedAt) VALUES (3, N'Lê Hoàng Gia', '1995-02-14', 'Male', N'Trộm cắp tài sản', 'Low', 7.0, 28, 1, '2025-03-20', '2028-03-20', 'InPrison', GETUTCDATE());
INSERT INTO Prisoners (PrisonerID, FullName, DateOfBirth, Gender, CrimeType, RiskLevel, ProductivityScore, RehabHours, CurrentLocationID, SentenceStart, SentenceEnd, Status, CreatedAt) VALUES (4, N'Phạm Minh Đức', '1992-09-08', 'Male', N'Gây rối trật tự công cộng', 'Low', 8.0, 30, 1, '2025-06-01', '2027-06-01', 'InPrison', GETUTCDATE());
INSERT INTO Prisoners (PrisonerID, FullName, DateOfBirth, Gender, CrimeType, RiskLevel, ProductivityScore, RehabHours, CurrentLocationID, SentenceStart, SentenceEnd, Status, CreatedAt) VALUES (5, N'Đỗ Thanh Hằng', '1994-07-30', 'Female', N'Lừa đảo chiếm đoạt tài sản', 'Low', 8.8, 32, 2, '2024-10-12', '2027-10-12', 'InPrison', GETUTCDATE());
INSERT INTO Prisoners (PrisonerID, FullName, DateOfBirth, Gender, CrimeType, RiskLevel, ProductivityScore, RehabHours, CurrentLocationID, SentenceStart, SentenceEnd, Status, CreatedAt) VALUES (6, N'Vũ Việt Bách', '1991-04-18', 'Male', N'Trộm cắp tài sản', 'Low', 7.5, 34, 1, '2023-12-05', '2026-12-05', 'InPrison', GETUTCDATE());
INSERT INTO Prisoners (PrisonerID, FullName, DateOfBirth, Gender, CrimeType, RiskLevel, ProductivityScore, RehabHours, CurrentLocationID, SentenceStart, SentenceEnd, Status, CreatedAt) VALUES (7, N'Bùi Quang Vinh', '1989-12-01', 'Male', N'Gây rối trật tự công cộng', 'Low', 6.5, 36, 2, '2024-08-20', '2026-08-20', 'InPrison', GETUTCDATE());
INSERT INTO Prisoners (PrisonerID, FullName, DateOfBirth, Gender, CrimeType, RiskLevel, ProductivityScore, RehabHours, CurrentLocationID, SentenceStart, SentenceEnd, Status, CreatedAt) VALUES (8, N'Hoàng Quốc Bảo', '1993-01-25', 'Male', N'Lừa đảo chiếm đoạt tài sản', 'Low', 8.2, 38, 1, '2025-01-15', '2029-01-15', 'InPrison', GETUTCDATE());
INSERT INTO Prisoners (PrisonerID, FullName, DateOfBirth, Gender, CrimeType, RiskLevel, ProductivityScore, RehabHours, CurrentLocationID, SentenceStart, SentenceEnd, Status, CreatedAt) VALUES (9, N'Ngô Gia Huy', '1996-08-11', 'Male', N'Trộm cắp tài sản', 'Low', 9.2, 40, 2, '2024-03-10', '2027-03-10', 'InPrison', GETUTCDATE());
INSERT INTO Prisoners (PrisonerID, FullName, DateOfBirth, Gender, CrimeType, RiskLevel, ProductivityScore, RehabHours, CurrentLocationID, SentenceStart, SentenceEnd, Status, CreatedAt) VALUES (10, N'Phan Khánh Linh', '1997-10-05', 'Female', N'Lừa đảo chiếm đoạt tài sản', 'Low', 7.8, 42, 2, '2025-05-01', '2028-05-01', 'InPrison', GETUTCDATE());
INSERT INTO Prisoners (PrisonerID, FullName, DateOfBirth, Gender, CrimeType, RiskLevel, ProductivityScore, RehabHours, CurrentLocationID, SentenceStart, SentenceEnd, Status, CreatedAt) VALUES (11, N'Phạm Thanh Sơn', '1985-03-20', 'Male', N'Cố ý gây thương tích', 'Medium', 8.0, 44, 1, '2022-04-18', '2029-04-18', 'InPrison', GETUTCDATE());
INSERT INTO Prisoners (PrisonerID, FullName, DateOfBirth, Gender, CrimeType, RiskLevel, ProductivityScore, RehabHours, CurrentLocationID, SentenceStart, SentenceEnd, Status, CreatedAt) VALUES (12, N'Hoàng Việt Anh', '1993-08-05', 'Male', N'Tàng trữ trái phép chất ma túy', 'Medium', 7.5, 46, 2, '2021-09-10', '2028-09-10', 'InPrison', GETUTCDATE());
INSERT INTO Prisoners (PrisonerID, FullName, DateOfBirth, Gender, CrimeType, RiskLevel, ProductivityScore, RehabHours, CurrentLocationID, SentenceStart, SentenceEnd, Status, CreatedAt) VALUES (13, N'Nguyễn Văn Hùng', '1987-12-15', 'Male', N'Cố ý gây thương tích', 'Medium', 8.2, 48, 1, '2020-02-10', '2027-02-10', 'InPrison', GETUTCDATE());
INSERT INTO Prisoners (PrisonerID, FullName, DateOfBirth, Gender, CrimeType, RiskLevel, ProductivityScore, RehabHours, CurrentLocationID, SentenceStart, SentenceEnd, Status, CreatedAt) VALUES (14, N'Trần Tuấn Kiệt', '1996-06-25', 'Male', N'Tàng trữ trái phép chất ma túy', 'Medium', 6.8, 50, 2, '2023-11-01', '2029-11-01', 'InPrison', GETUTCDATE());
INSERT INTO Prisoners (PrisonerID, FullName, DateOfBirth, Gender, CrimeType, RiskLevel, ProductivityScore, RehabHours, CurrentLocationID, SentenceStart, SentenceEnd, Status, CreatedAt) VALUES (15, N'Lê Minh Triết', '1990-10-10', 'Male', N'Cố ý gây thương tích', 'Medium', 8.5, 52, 1, '2024-05-12', '2031-05-12', 'InPrison', GETUTCDATE());
INSERT INTO Prisoners (PrisonerID, FullName, DateOfBirth, Gender, CrimeType, RiskLevel, ProductivityScore, RehabHours, CurrentLocationID, SentenceStart, SentenceEnd, Status, CreatedAt) VALUES (16, N'Vũ Đức Thịnh', '1994-01-02', 'Male', N'Tàng trữ trái phép chất ma túy', 'Medium', 7.0, 54, 2, '2022-07-15', '2028-07-15', 'InPrison', GETUTCDATE());
INSERT INTO Prisoners (PrisonerID, FullName, DateOfBirth, Gender, CrimeType, RiskLevel, ProductivityScore, RehabHours, CurrentLocationID, SentenceStart, SentenceEnd, Status, CreatedAt) VALUES (17, N'Đặng Tấn Phát', '1989-05-14', 'Male', N'Cố ý gây thương tích', 'Medium', 7.9, 56, 1, '2023-01-20', '2028-01-20', 'InPrison', GETUTCDATE());
INSERT INTO Prisoners (PrisonerID, FullName, DateOfBirth, Gender, CrimeType, RiskLevel, ProductivityScore, RehabHours, CurrentLocationID, SentenceStart, SentenceEnd, Status, CreatedAt) VALUES (18, N'Bùi Thế Kiệt', '1992-11-19', 'Male', N'Tàng trữ trái phép chất ma túy', 'Medium', 8.1, 58, 2, '2024-09-10', '2030-09-10', 'InPrison', GETUTCDATE());
INSERT INTO Prisoners (PrisonerID, FullName, DateOfBirth, Gender, CrimeType, RiskLevel, ProductivityScore, RehabHours, CurrentLocationID, SentenceStart, SentenceEnd, Status, CreatedAt) VALUES (19, N'Phan Hữu Phước', '1986-07-08', 'Male', N'Cố ý gây thương tích', 'Medium', 8.4, 60, 1, '2021-12-25', '2028-12-25', 'InPrison', GETUTCDATE());
INSERT INTO Prisoners (PrisonerID, FullName, DateOfBirth, Gender, CrimeType, RiskLevel, ProductivityScore, RehabHours, CurrentLocationID, SentenceStart, SentenceEnd, Status, CreatedAt) VALUES (20, N'Lý Hoàng Phi', '1995-09-30', 'Male', N'Tàng trữ trái phép chất ma túy', 'Medium', 7.2, 62, 2, '2023-03-14', '2029-03-14', 'InPrison', GETUTCDATE());
INSERT INTO Prisoners (PrisonerID, FullName, DateOfBirth, Gender, CrimeType, RiskLevel, ProductivityScore, RehabHours, CurrentLocationID, SentenceStart, SentenceEnd, Status, CreatedAt) VALUES (21, N'Đặng Quốc Khánh', '1982-07-14', 'Male', N'Cướp tài sản', 'High', 6.0, 64, 3, '2018-05-20', '2033-05-20', 'InPrison', GETUTCDATE());
INSERT INTO Prisoners (PrisonerID, FullName, DateOfBirth, Gender, CrimeType, RiskLevel, ProductivityScore, RehabHours, CurrentLocationID, SentenceStart, SentenceEnd, Status, CreatedAt) VALUES (22, N'Bùi Hữu Đạt', '1990-10-02', 'Male', N'Cướp tài sản có tổ chức', 'High', 6.5, 66, 4, '2019-12-15', '2034-12-15', 'InPrison', GETUTCDATE());
INSERT INTO Prisoners (PrisonerID, FullName, DateOfBirth, Gender, CrimeType, RiskLevel, ProductivityScore, RehabHours, CurrentLocationID, SentenceStart, SentenceEnd, Status, CreatedAt) VALUES (23, N'Nguyễn Lâm Hùng', '1983-04-28', 'Male', N'Cướp tài sản', 'High', 5.5, 68, 3, '2020-08-10', '2032-08-10', 'InPrison', GETUTCDATE());
INSERT INTO Prisoners (PrisonerID, FullName, DateOfBirth, Gender, CrimeType, RiskLevel, ProductivityScore, RehabHours, CurrentLocationID, SentenceStart, SentenceEnd, Status, CreatedAt) VALUES (24, N'Lê Thế Dân', '1988-12-25', 'Male', N'Cướp tài sản có tổ chức', 'High', 7.0, 70, 4, '2021-03-18', '2036-03-18', 'InPrison', GETUTCDATE());
INSERT INTO Prisoners (PrisonerID, FullName, DateOfBirth, Gender, CrimeType, RiskLevel, ProductivityScore, RehabHours, CurrentLocationID, SentenceStart, SentenceEnd, Status, CreatedAt) VALUES (25, N'Trần Hữu Thọ', '1985-06-30', 'Male', N'Cướp tài sản', 'High', 6.2, 72, 3, '2022-10-05', '2035-10-05', 'InPrison', GETUTCDATE());
INSERT INTO Prisoners (PrisonerID, FullName, DateOfBirth, Gender, CrimeType, RiskLevel, ProductivityScore, RehabHours, CurrentLocationID, SentenceStart, SentenceEnd, Status, CreatedAt) VALUES (26, N'Vũ Đình Phong', '1987-11-12', 'Male', N'Cướp tài sản có tổ chức', 'High', 6.8, 74, 4, '2023-02-14', '2038-02-14', 'InPrison', GETUTCDATE());
INSERT INTO Prisoners (PrisonerID, FullName, DateOfBirth, Gender, CrimeType, RiskLevel, ProductivityScore, RehabHours, CurrentLocationID, SentenceStart, SentenceEnd, Status, CreatedAt) VALUES (27, N'Đỗ Ngọc Long', '1991-01-22', 'Male', N'Cướp tài sản', 'High', 5.8, 76, 3, '2024-06-20', '2034-06-20', 'InPrison', GETUTCDATE());
INSERT INTO Prisoners (PrisonerID, FullName, DateOfBirth, Gender, CrimeType, RiskLevel, ProductivityScore, RehabHours, CurrentLocationID, SentenceStart, SentenceEnd, Status, CreatedAt) VALUES (28, N'Phạm Thanh Hải', '1984-09-17', 'Male', N'Cướp tài sản có tổ chức', 'High', 7.2, 78, 4, '2017-11-30', '2032-11-30', 'InPrison', GETUTCDATE());
INSERT INTO Prisoners (PrisonerID, FullName, DateOfBirth, Gender, CrimeType, RiskLevel, ProductivityScore, RehabHours, CurrentLocationID, SentenceStart, SentenceEnd, Status, CreatedAt) VALUES (29, N'Hoàng Gia Lực', '1989-08-09', 'Male', N'Cướp tài sản', 'High', 6.0, 80, 5, '2019-06-12', '2034-06-12', 'InPrison', GETUTCDATE());
INSERT INTO Prisoners (PrisonerID, FullName, DateOfBirth, Gender, CrimeType, RiskLevel, ProductivityScore, RehabHours, CurrentLocationID, SentenceStart, SentenceEnd, Status, CreatedAt) VALUES (30, N'Lê Văn Định', '1986-05-04', 'Male', N'Cướp tài sản có tổ chức', 'High', 6.4, 82, 5, '2020-03-25', '2035-03-25', 'InPrison', GETUTCDATE());
SET IDENTITY_INSERT Prisoners OFF;
GO

-- 8. Insert LaborAssignments
PRINT 'Seeding LaborAssignments...';
INSERT INTO LaborAssignments (PrisonerID, ProjectID, AssignedBy, AssignmentDate, HoursAssigned, CreatedAt) VALUES (1, 1, 2, CAST(GETDATE() AS DATE), 4.00, GETUTCDATE());
INSERT INTO LaborAssignments (PrisonerID, ProjectID, AssignedBy, AssignmentDate, HoursAssigned, CreatedAt) VALUES (3, 1, 2, CAST(GETDATE() AS DATE), 4.00, GETUTCDATE());
INSERT INTO LaborAssignments (PrisonerID, ProjectID, AssignedBy, AssignmentDate, HoursAssigned, CreatedAt) VALUES (11, 1, 2, CAST(GETDATE() AS DATE), 4.00, GETUTCDATE());
INSERT INTO LaborAssignments (PrisonerID, ProjectID, AssignedBy, AssignmentDate, HoursAssigned, CreatedAt) VALUES (13, 1, 2, CAST(GETDATE() AS DATE), 4.00, GETUTCDATE());
INSERT INTO LaborAssignments (PrisonerID, ProjectID, AssignedBy, AssignmentDate, HoursAssigned, CreatedAt) VALUES (2, 2, 2, CAST(GETDATE() AS DATE), 4.00, GETUTCDATE());
INSERT INTO LaborAssignments (PrisonerID, ProjectID, AssignedBy, AssignmentDate, HoursAssigned, CreatedAt) VALUES (5, 2, 2, CAST(GETDATE() AS DATE), 4.00, GETUTCDATE());
INSERT INTO LaborAssignments (PrisonerID, ProjectID, AssignedBy, AssignmentDate, HoursAssigned, CreatedAt) VALUES (12, 2, 2, CAST(GETDATE() AS DATE), 4.00, GETUTCDATE());
INSERT INTO LaborAssignments (PrisonerID, ProjectID, AssignedBy, AssignmentDate, HoursAssigned, CreatedAt) VALUES (6, 3, 2, CAST(GETDATE() AS DATE), 4.00, GETUTCDATE());
INSERT INTO LaborAssignments (PrisonerID, ProjectID, AssignedBy, AssignmentDate, HoursAssigned, CreatedAt) VALUES (7, 3, 2, CAST(GETDATE() AS DATE), 4.00, GETUTCDATE());
INSERT INTO LaborAssignments (PrisonerID, ProjectID, AssignedBy, AssignmentDate, HoursAssigned, CreatedAt) VALUES (8, 3, 2, CAST(GETDATE() AS DATE), 4.00, GETUTCDATE());
INSERT INTO LaborAssignments (PrisonerID, ProjectID, AssignedBy, AssignmentDate, HoursAssigned, CreatedAt) VALUES (16, 3, 2, CAST(GETDATE() AS DATE), 4.00, GETUTCDATE());
INSERT INTO LaborAssignments (PrisonerID, ProjectID, AssignedBy, AssignmentDate, HoursAssigned, CreatedAt) VALUES (9, 4, 2, CAST(GETDATE() AS DATE), 4.00, GETUTCDATE());
INSERT INTO LaborAssignments (PrisonerID, ProjectID, AssignedBy, AssignmentDate, HoursAssigned, CreatedAt) VALUES (10, 4, 2, CAST(GETDATE() AS DATE), 4.00, GETUTCDATE());
INSERT INTO LaborAssignments (PrisonerID, ProjectID, AssignedBy, AssignmentDate, HoursAssigned, CreatedAt) VALUES (14, 4, 2, CAST(GETDATE() AS DATE), 4.00, GETUTCDATE());
INSERT INTO LaborAssignments (PrisonerID, ProjectID, AssignedBy, AssignmentDate, HoursAssigned, CreatedAt) VALUES (4, 5, 2, CAST(GETDATE() AS DATE), 4.00, GETUTCDATE());
INSERT INTO LaborAssignments (PrisonerID, ProjectID, AssignedBy, AssignmentDate, HoursAssigned, CreatedAt) VALUES (15, 5, 2, CAST(GETDATE() AS DATE), 4.00, GETUTCDATE());
GO

-- 9. Insert DailyPerformance
PRINT 'Seeding DailyPerformance...';
INSERT INTO DailyPerformance (PrisonerID, ProjectID, EvaluatedBy, WorkDate, Productivity, Notes, CreatedAt) VALUES (1, 1, 3, DATEADD(day, -1, CAST(GETDATE() AS DATE)), 85.0, N'Làm việc tốt, đúng giờ', GETUTCDATE());
INSERT INTO DailyPerformance (PrisonerID, ProjectID, EvaluatedBy, WorkDate, Productivity, Notes, CreatedAt) VALUES (2, 2, 3, DATEADD(day, -1, CAST(GETDATE() AS DATE)), 90.0, N'Hoàn thành chỉ tiêu may mặc', GETUTCDATE());
INSERT INTO DailyPerformance (PrisonerID, ProjectID, EvaluatedBy, WorkDate, Productivity, Notes, CreatedAt) VALUES (3, 1, 3, DATEADD(day, -1, CAST(GETDATE() AS DATE)), 75.0, N'Lao động nghiêm túc', GETUTCDATE());
INSERT INTO DailyPerformance (PrisonerID, ProjectID, EvaluatedBy, WorkDate, Productivity, Notes, CreatedAt) VALUES (4, 5, 3, DATEADD(day, -1, CAST(GETDATE() AS DATE)), 80.0, N'Chuẩn bị suất ăn chu đáo', GETUTCDATE());
GO

-- 10. Insert Incidents
PRINT 'Seeding Incidents...';
INSERT INTO Incidents (PrisonerID, LocationID, IncidentDate, IncidentType, Severity, PenaltyPoints, Description, CreatedBy, CreatedAt) VALUES (11, 11, DATEADD(day, -3, GETDATE()), N'Tranh chấp/Gây gổ', 'Medium', 10, N'Xảy ra xích mích nhỏ tại sân sinh hoạt trong giờ giải lao', 3, GETUTCDATE());
INSERT INTO Incidents (PrisonerID, LocationID, IncidentDate, IncidentType, Severity, PenaltyPoints, Description, CreatedBy, CreatedAt) VALUES (21, 3, DATEADD(day, -3, GETDATE()), N'Không tuân thủ nội quy', 'Low', 5, N'Không tập trung đúng giờ điểm danh tối', 3, GETUTCDATE());
GO

-- 11. Insert Visits & VisitRequests
PRINT 'Seeding Visits & Requests...';
INSERT INTO Visits (PrisonerID, VisitorName, VisitDate, Status, ApprovedBy, Notes, CreatedAt) VALUES (1, N'Trần Văn Minh', DATEADD(day, 2, GETDATE()), 'Completed', 2, N'Gặp mặt bình thường, chấp hành tốt nội quy phòng gặp', GETUTCDATE());
INSERT INTO Visits (PrisonerID, VisitorName, VisitDate, Status, ApprovedBy, Notes, CreatedAt) VALUES (2, N'Nguyễn Văn Hùng', DATEADD(day, 2, GETDATE()), 'Pending', NULL, N'Hẹn gặp ngày cuối tuần', GETUTCDATE());
INSERT INTO VisitRequests (PrisonerID, ViewerID, RequestedDate, Status, CreatedAt) VALUES (1, 4, DATEADD(day, -2, GETDATE()), 'Approved', GETUTCDATE());
INSERT INTO VisitRequests (PrisonerID, ViewerID, RequestedDate, Status, CreatedAt) VALUES (2, 4, DATEADD(day, -2, GETDATE()), 'Pending', GETUTCDATE());
GO

-- 12. Insert Schedules
PRINT 'Seeding Schedules...';
INSERT INTO Schedules (PrisonerID, ProjectID, LocationID, ShiftID, StartTime, EndTime, Status, CreatedAt) VALUES (1, NULL, 11, 1, '2026-06-09 06:00:00', '2026-06-09 07:00:00', 'Active', GETUTCDATE());
INSERT INTO Schedules (PrisonerID, ProjectID, LocationID, ShiftID, StartTime, EndTime, Status, CreatedAt) VALUES (1, 1, 6, 2, '2026-06-09 07:30:00', '2026-06-09 11:30:00', 'Active', GETUTCDATE());
INSERT INTO Schedules (PrisonerID, ProjectID, LocationID, ShiftID, StartTime, EndTime, Status, CreatedAt) VALUES (1, NULL, 13, 3, '2026-06-09 11:30:00', '2026-06-09 13:00:00', 'Active', GETUTCDATE());
INSERT INTO Schedules (PrisonerID, ProjectID, LocationID, ShiftID, StartTime, EndTime, Status, CreatedAt) VALUES (1, 1, 6, 4, '2026-06-09 13:30:00', '2026-06-09 17:30:00', 'Active', GETUTCDATE());
INSERT INTO Schedules (PrisonerID, ProjectID, LocationID, ShiftID, StartTime, EndTime, Status, CreatedAt) VALUES (1, NULL, 11, 5, '2026-06-09 17:30:00', '2026-06-09 18:30:00', 'Active', GETUTCDATE());
INSERT INTO Schedules (PrisonerID, ProjectID, LocationID, ShiftID, StartTime, EndTime, Status, CreatedAt) VALUES (1, NULL, 1, 6, '2026-06-09 18:30:00', '2026-06-09 19:30:00', 'Active', GETUTCDATE());
INSERT INTO Schedules (PrisonerID, ProjectID, LocationID, ShiftID, StartTime, EndTime, Status, CreatedAt) VALUES (1, NULL, 1, 7, '2026-06-09 21:00:00', '2026-06-10 05:30:00', 'Active', GETUTCDATE());
INSERT INTO Schedules (PrisonerID, ProjectID, LocationID, ShiftID, StartTime, EndTime, Status, CreatedAt) VALUES (2, NULL, 11, 1, '2026-06-09 06:00:00', '2026-06-09 07:00:00', 'Active', GETUTCDATE());
INSERT INTO Schedules (PrisonerID, ProjectID, LocationID, ShiftID, StartTime, EndTime, Status, CreatedAt) VALUES (2, 2, 7, 2, '2026-06-09 07:30:00', '2026-06-09 11:30:00', 'Active', GETUTCDATE());
INSERT INTO Schedules (PrisonerID, ProjectID, LocationID, ShiftID, StartTime, EndTime, Status, CreatedAt) VALUES (2, NULL, 13, 3, '2026-06-09 11:30:00', '2026-06-09 13:00:00', 'Active', GETUTCDATE());
INSERT INTO Schedules (PrisonerID, ProjectID, LocationID, ShiftID, StartTime, EndTime, Status, CreatedAt) VALUES (2, 2, 7, 4, '2026-06-09 13:30:00', '2026-06-09 17:30:00', 'Active', GETUTCDATE());
INSERT INTO Schedules (PrisonerID, ProjectID, LocationID, ShiftID, StartTime, EndTime, Status, CreatedAt) VALUES (2, NULL, 11, 5, '2026-06-09 17:30:00', '2026-06-09 18:30:00', 'Active', GETUTCDATE());
INSERT INTO Schedules (PrisonerID, ProjectID, LocationID, ShiftID, StartTime, EndTime, Status, CreatedAt) VALUES (2, NULL, 2, 6, '2026-06-09 18:30:00', '2026-06-09 19:30:00', 'Active', GETUTCDATE());
INSERT INTO Schedules (PrisonerID, ProjectID, LocationID, ShiftID, StartTime, EndTime, Status, CreatedAt) VALUES (2, NULL, 2, 7, '2026-06-09 21:00:00', '2026-06-10 05:30:00', 'Active', GETUTCDATE());
INSERT INTO Schedules (PrisonerID, ProjectID, LocationID, ShiftID, StartTime, EndTime, Status, CreatedAt) VALUES (3, NULL, 11, 1, '2026-06-09 06:00:00', '2026-06-09 07:00:00', 'Active', GETUTCDATE());
INSERT INTO Schedules (PrisonerID, ProjectID, LocationID, ShiftID, StartTime, EndTime, Status, CreatedAt) VALUES (3, 1, 6, 2, '2026-06-09 07:30:00', '2026-06-09 11:30:00', 'Active', GETUTCDATE());
INSERT INTO Schedules (PrisonerID, ProjectID, LocationID, ShiftID, StartTime, EndTime, Status, CreatedAt) VALUES (3, NULL, 13, 3, '2026-06-09 11:30:00', '2026-06-09 13:00:00', 'Active', GETUTCDATE());
INSERT INTO Schedules (PrisonerID, ProjectID, LocationID, ShiftID, StartTime, EndTime, Status, CreatedAt) VALUES (3, 1, 6, 4, '2026-06-09 13:30:00', '2026-06-09 17:30:00', 'Active', GETUTCDATE());
INSERT INTO Schedules (PrisonerID, ProjectID, LocationID, ShiftID, StartTime, EndTime, Status, CreatedAt) VALUES (3, NULL, 11, 5, '2026-06-09 17:30:00', '2026-06-09 18:30:00', 'Active', GETUTCDATE());
INSERT INTO Schedules (PrisonerID, ProjectID, LocationID, ShiftID, StartTime, EndTime, Status, CreatedAt) VALUES (3, NULL, 1, 6, '2026-06-09 18:30:00', '2026-06-09 19:30:00', 'Active', GETUTCDATE());
INSERT INTO Schedules (PrisonerID, ProjectID, LocationID, ShiftID, StartTime, EndTime, Status, CreatedAt) VALUES (3, NULL, 1, 7, '2026-06-09 21:00:00', '2026-06-10 05:30:00', 'Active', GETUTCDATE());
INSERT INTO Schedules (PrisonerID, ProjectID, LocationID, ShiftID, StartTime, EndTime, Status, CreatedAt) VALUES (4, NULL, 11, 1, '2026-06-09 06:00:00', '2026-06-09 07:00:00', 'Active', GETUTCDATE());
INSERT INTO Schedules (PrisonerID, ProjectID, LocationID, ShiftID, StartTime, EndTime, Status, CreatedAt) VALUES (4, 5, 9, 2, '2026-06-09 07:30:00', '2026-06-09 11:30:00', 'Active', GETUTCDATE());
INSERT INTO Schedules (PrisonerID, ProjectID, LocationID, ShiftID, StartTime, EndTime, Status, CreatedAt) VALUES (4, NULL, 13, 3, '2026-06-09 11:30:00', '2026-06-09 13:00:00', 'Active', GETUTCDATE());
INSERT INTO Schedules (PrisonerID, ProjectID, LocationID, ShiftID, StartTime, EndTime, Status, CreatedAt) VALUES (4, 5, 9, 4, '2026-06-09 13:30:00', '2026-06-09 17:30:00', 'Active', GETUTCDATE());
INSERT INTO Schedules (PrisonerID, ProjectID, LocationID, ShiftID, StartTime, EndTime, Status, CreatedAt) VALUES (4, NULL, 11, 5, '2026-06-09 17:30:00', '2026-06-09 18:30:00', 'Active', GETUTCDATE());
INSERT INTO Schedules (PrisonerID, ProjectID, LocationID, ShiftID, StartTime, EndTime, Status, CreatedAt) VALUES (4, NULL, 1, 6, '2026-06-09 18:30:00', '2026-06-09 19:30:00', 'Active', GETUTCDATE());
INSERT INTO Schedules (PrisonerID, ProjectID, LocationID, ShiftID, StartTime, EndTime, Status, CreatedAt) VALUES (4, NULL, 1, 7, '2026-06-09 21:00:00', '2026-06-10 05:30:00', 'Active', GETUTCDATE());
INSERT INTO Schedules (PrisonerID, ProjectID, LocationID, ShiftID, StartTime, EndTime, Status, CreatedAt) VALUES (5, NULL, 11, 1, '2026-06-09 06:00:00', '2026-06-09 07:00:00', 'Active', GETUTCDATE());
INSERT INTO Schedules (PrisonerID, ProjectID, LocationID, ShiftID, StartTime, EndTime, Status, CreatedAt) VALUES (5, 2, 7, 2, '2026-06-09 07:30:00', '2026-06-09 11:30:00', 'Active', GETUTCDATE());
INSERT INTO Schedules (PrisonerID, ProjectID, LocationID, ShiftID, StartTime, EndTime, Status, CreatedAt) VALUES (5, NULL, 13, 3, '2026-06-09 11:30:00', '2026-06-09 13:00:00', 'Active', GETUTCDATE());
INSERT INTO Schedules (PrisonerID, ProjectID, LocationID, ShiftID, StartTime, EndTime, Status, CreatedAt) VALUES (5, 2, 7, 4, '2026-06-09 13:30:00', '2026-06-09 17:30:00', 'Active', GETUTCDATE());
INSERT INTO Schedules (PrisonerID, ProjectID, LocationID, ShiftID, StartTime, EndTime, Status, CreatedAt) VALUES (5, NULL, 11, 5, '2026-06-09 17:30:00', '2026-06-09 18:30:00', 'Active', GETUTCDATE());
INSERT INTO Schedules (PrisonerID, ProjectID, LocationID, ShiftID, StartTime, EndTime, Status, CreatedAt) VALUES (5, NULL, 2, 6, '2026-06-09 18:30:00', '2026-06-09 19:30:00', 'Active', GETUTCDATE());
INSERT INTO Schedules (PrisonerID, ProjectID, LocationID, ShiftID, StartTime, EndTime, Status, CreatedAt) VALUES (5, NULL, 2, 7, '2026-06-09 21:00:00', '2026-06-10 05:30:00', 'Active', GETUTCDATE());
INSERT INTO Schedules (PrisonerID, ProjectID, LocationID, ShiftID, StartTime, EndTime, Status, CreatedAt) VALUES (6, NULL, 11, 1, '2026-06-09 06:00:00', '2026-06-09 07:00:00', 'Active', GETUTCDATE());
INSERT INTO Schedules (PrisonerID, ProjectID, LocationID, ShiftID, StartTime, EndTime, Status, CreatedAt) VALUES (6, 3, 8, 2, '2026-06-09 07:30:00', '2026-06-09 11:30:00', 'Active', GETUTCDATE());
INSERT INTO Schedules (PrisonerID, ProjectID, LocationID, ShiftID, StartTime, EndTime, Status, CreatedAt) VALUES (6, NULL, 13, 3, '2026-06-09 11:30:00', '2026-06-09 13:00:00', 'Active', GETUTCDATE());
INSERT INTO Schedules (PrisonerID, ProjectID, LocationID, ShiftID, StartTime, EndTime, Status, CreatedAt) VALUES (6, 3, 8, 4, '2026-06-09 13:30:00', '2026-06-09 17:30:00', 'Active', GETUTCDATE());
INSERT INTO Schedules (PrisonerID, ProjectID, LocationID, ShiftID, StartTime, EndTime, Status, CreatedAt) VALUES (6, NULL, 11, 5, '2026-06-09 17:30:00', '2026-06-09 18:30:00', 'Active', GETUTCDATE());
INSERT INTO Schedules (PrisonerID, ProjectID, LocationID, ShiftID, StartTime, EndTime, Status, CreatedAt) VALUES (6, NULL, 1, 6, '2026-06-09 18:30:00', '2026-06-09 19:30:00', 'Active', GETUTCDATE());
INSERT INTO Schedules (PrisonerID, ProjectID, LocationID, ShiftID, StartTime, EndTime, Status, CreatedAt) VALUES (6, NULL, 1, 7, '2026-06-09 21:00:00', '2026-06-10 05:30:00', 'Active', GETUTCDATE());
INSERT INTO Schedules (PrisonerID, ProjectID, LocationID, ShiftID, StartTime, EndTime, Status, CreatedAt) VALUES (7, NULL, 11, 1, '2026-06-09 06:00:00', '2026-06-09 07:00:00', 'Active', GETUTCDATE());
INSERT INTO Schedules (PrisonerID, ProjectID, LocationID, ShiftID, StartTime, EndTime, Status, CreatedAt) VALUES (7, 3, 8, 2, '2026-06-09 07:30:00', '2026-06-09 11:30:00', 'Active', GETUTCDATE());
INSERT INTO Schedules (PrisonerID, ProjectID, LocationID, ShiftID, StartTime, EndTime, Status, CreatedAt) VALUES (7, NULL, 13, 3, '2026-06-09 11:30:00', '2026-06-09 13:00:00', 'Active', GETUTCDATE());
INSERT INTO Schedules (PrisonerID, ProjectID, LocationID, ShiftID, StartTime, EndTime, Status, CreatedAt) VALUES (7, 3, 8, 4, '2026-06-09 13:30:00', '2026-06-09 17:30:00', 'Active', GETUTCDATE());
INSERT INTO Schedules (PrisonerID, ProjectID, LocationID, ShiftID, StartTime, EndTime, Status, CreatedAt) VALUES (7, NULL, 11, 5, '2026-06-09 17:30:00', '2026-06-09 18:30:00', 'Active', GETUTCDATE());
INSERT INTO Schedules (PrisonerID, ProjectID, LocationID, ShiftID, StartTime, EndTime, Status, CreatedAt) VALUES (7, NULL, 2, 6, '2026-06-09 18:30:00', '2026-06-09 19:30:00', 'Active', GETUTCDATE());
INSERT INTO Schedules (PrisonerID, ProjectID, LocationID, ShiftID, StartTime, EndTime, Status, CreatedAt) VALUES (7, NULL, 2, 7, '2026-06-09 21:00:00', '2026-06-10 05:30:00', 'Active', GETUTCDATE());
INSERT INTO Schedules (PrisonerID, ProjectID, LocationID, ShiftID, StartTime, EndTime, Status, CreatedAt) VALUES (8, NULL, 11, 1, '2026-06-09 06:00:00', '2026-06-09 07:00:00', 'Active', GETUTCDATE());
INSERT INTO Schedules (PrisonerID, ProjectID, LocationID, ShiftID, StartTime, EndTime, Status, CreatedAt) VALUES (8, 3, 8, 2, '2026-06-09 07:30:00', '2026-06-09 11:30:00', 'Active', GETUTCDATE());
INSERT INTO Schedules (PrisonerID, ProjectID, LocationID, ShiftID, StartTime, EndTime, Status, CreatedAt) VALUES (8, NULL, 13, 3, '2026-06-09 11:30:00', '2026-06-09 13:00:00', 'Active', GETUTCDATE());
INSERT INTO Schedules (PrisonerID, ProjectID, LocationID, ShiftID, StartTime, EndTime, Status, CreatedAt) VALUES (8, 3, 8, 4, '2026-06-09 13:30:00', '2026-06-09 17:30:00', 'Active', GETUTCDATE());
INSERT INTO Schedules (PrisonerID, ProjectID, LocationID, ShiftID, StartTime, EndTime, Status, CreatedAt) VALUES (8, NULL, 11, 5, '2026-06-09 17:30:00', '2026-06-09 18:30:00', 'Active', GETUTCDATE());
INSERT INTO Schedules (PrisonerID, ProjectID, LocationID, ShiftID, StartTime, EndTime, Status, CreatedAt) VALUES (8, NULL, 1, 6, '2026-06-09 18:30:00', '2026-06-09 19:30:00', 'Active', GETUTCDATE());
INSERT INTO Schedules (PrisonerID, ProjectID, LocationID, ShiftID, StartTime, EndTime, Status, CreatedAt) VALUES (8, NULL, 1, 7, '2026-06-09 21:00:00', '2026-06-10 05:30:00', 'Active', GETUTCDATE());
INSERT INTO Schedules (PrisonerID, ProjectID, LocationID, ShiftID, StartTime, EndTime, Status, CreatedAt) VALUES (9, NULL, 11, 1, '2026-06-09 06:00:00', '2026-06-09 07:00:00', 'Active', GETUTCDATE());
INSERT INTO Schedules (PrisonerID, ProjectID, LocationID, ShiftID, StartTime, EndTime, Status, CreatedAt) VALUES (9, 4, 10, 2, '2026-06-09 07:30:00', '2026-06-09 11:30:00', 'Active', GETUTCDATE());
INSERT INTO Schedules (PrisonerID, ProjectID, LocationID, ShiftID, StartTime, EndTime, Status, CreatedAt) VALUES (9, NULL, 13, 3, '2026-06-09 11:30:00', '2026-06-09 13:00:00', 'Active', GETUTCDATE());
INSERT INTO Schedules (PrisonerID, ProjectID, LocationID, ShiftID, StartTime, EndTime, Status, CreatedAt) VALUES (9, 4, 10, 4, '2026-06-09 13:30:00', '2026-06-09 17:30:00', 'Active', GETUTCDATE());
INSERT INTO Schedules (PrisonerID, ProjectID, LocationID, ShiftID, StartTime, EndTime, Status, CreatedAt) VALUES (9, NULL, 11, 5, '2026-06-09 17:30:00', '2026-06-09 18:30:00', 'Active', GETUTCDATE());
INSERT INTO Schedules (PrisonerID, ProjectID, LocationID, ShiftID, StartTime, EndTime, Status, CreatedAt) VALUES (9, NULL, 2, 6, '2026-06-09 18:30:00', '2026-06-09 19:30:00', 'Active', GETUTCDATE());
INSERT INTO Schedules (PrisonerID, ProjectID, LocationID, ShiftID, StartTime, EndTime, Status, CreatedAt) VALUES (9, NULL, 2, 7, '2026-06-09 21:00:00', '2026-06-10 05:30:00', 'Active', GETUTCDATE());
INSERT INTO Schedules (PrisonerID, ProjectID, LocationID, ShiftID, StartTime, EndTime, Status, CreatedAt) VALUES (10, NULL, 11, 1, '2026-06-09 06:00:00', '2026-06-09 07:00:00', 'Active', GETUTCDATE());
INSERT INTO Schedules (PrisonerID, ProjectID, LocationID, ShiftID, StartTime, EndTime, Status, CreatedAt) VALUES (10, 4, 10, 2, '2026-06-09 07:30:00', '2026-06-09 11:30:00', 'Active', GETUTCDATE());
INSERT INTO Schedules (PrisonerID, ProjectID, LocationID, ShiftID, StartTime, EndTime, Status, CreatedAt) VALUES (10, NULL, 13, 3, '2026-06-09 11:30:00', '2026-06-09 13:00:00', 'Active', GETUTCDATE());
INSERT INTO Schedules (PrisonerID, ProjectID, LocationID, ShiftID, StartTime, EndTime, Status, CreatedAt) VALUES (10, 4, 10, 4, '2026-06-09 13:30:00', '2026-06-09 17:30:00', 'Active', GETUTCDATE());
INSERT INTO Schedules (PrisonerID, ProjectID, LocationID, ShiftID, StartTime, EndTime, Status, CreatedAt) VALUES (10, NULL, 11, 5, '2026-06-09 17:30:00', '2026-06-09 18:30:00', 'Active', GETUTCDATE());
INSERT INTO Schedules (PrisonerID, ProjectID, LocationID, ShiftID, StartTime, EndTime, Status, CreatedAt) VALUES (10, NULL, 2, 6, '2026-06-09 18:30:00', '2026-06-09 19:30:00', 'Active', GETUTCDATE());
INSERT INTO Schedules (PrisonerID, ProjectID, LocationID, ShiftID, StartTime, EndTime, Status, CreatedAt) VALUES (10, NULL, 2, 7, '2026-06-09 21:00:00', '2026-06-10 05:30:00', 'Active', GETUTCDATE());
INSERT INTO Schedules (PrisonerID, ProjectID, LocationID, ShiftID, StartTime, EndTime, Status, CreatedAt) VALUES (11, NULL, 11, 1, '2026-06-09 06:00:00', '2026-06-09 07:00:00', 'Active', GETUTCDATE());
INSERT INTO Schedules (PrisonerID, ProjectID, LocationID, ShiftID, StartTime, EndTime, Status, CreatedAt) VALUES (11, 1, 6, 2, '2026-06-09 07:30:00', '2026-06-09 11:30:00', 'Active', GETUTCDATE());
INSERT INTO Schedules (PrisonerID, ProjectID, LocationID, ShiftID, StartTime, EndTime, Status, CreatedAt) VALUES (11, NULL, 13, 3, '2026-06-09 11:30:00', '2026-06-09 13:00:00', 'Active', GETUTCDATE());
INSERT INTO Schedules (PrisonerID, ProjectID, LocationID, ShiftID, StartTime, EndTime, Status, CreatedAt) VALUES (11, 1, 6, 4, '2026-06-09 13:30:00', '2026-06-09 17:30:00', 'Active', GETUTCDATE());
INSERT INTO Schedules (PrisonerID, ProjectID, LocationID, ShiftID, StartTime, EndTime, Status, CreatedAt) VALUES (11, NULL, 11, 5, '2026-06-09 17:30:00', '2026-06-09 18:30:00', 'Active', GETUTCDATE());
INSERT INTO Schedules (PrisonerID, ProjectID, LocationID, ShiftID, StartTime, EndTime, Status, CreatedAt) VALUES (11, NULL, 1, 6, '2026-06-09 18:30:00', '2026-06-09 19:30:00', 'Active', GETUTCDATE());
INSERT INTO Schedules (PrisonerID, ProjectID, LocationID, ShiftID, StartTime, EndTime, Status, CreatedAt) VALUES (11, NULL, 1, 7, '2026-06-09 21:00:00', '2026-06-10 05:30:00', 'Active', GETUTCDATE());
INSERT INTO Schedules (PrisonerID, ProjectID, LocationID, ShiftID, StartTime, EndTime, Status, CreatedAt) VALUES (12, NULL, 11, 1, '2026-06-09 06:00:00', '2026-06-09 07:00:00', 'Active', GETUTCDATE());
INSERT INTO Schedules (PrisonerID, ProjectID, LocationID, ShiftID, StartTime, EndTime, Status, CreatedAt) VALUES (12, 2, 7, 2, '2026-06-09 07:30:00', '2026-06-09 11:30:00', 'Active', GETUTCDATE());
INSERT INTO Schedules (PrisonerID, ProjectID, LocationID, ShiftID, StartTime, EndTime, Status, CreatedAt) VALUES (12, NULL, 13, 3, '2026-06-09 11:30:00', '2026-06-09 13:00:00', 'Active', GETUTCDATE());
INSERT INTO Schedules (PrisonerID, ProjectID, LocationID, ShiftID, StartTime, EndTime, Status, CreatedAt) VALUES (12, 2, 7, 4, '2026-06-09 13:30:00', '2026-06-09 17:30:00', 'Active', GETUTCDATE());
INSERT INTO Schedules (PrisonerID, ProjectID, LocationID, ShiftID, StartTime, EndTime, Status, CreatedAt) VALUES (12, NULL, 11, 5, '2026-06-09 17:30:00', '2026-06-09 18:30:00', 'Active', GETUTCDATE());
INSERT INTO Schedules (PrisonerID, ProjectID, LocationID, ShiftID, StartTime, EndTime, Status, CreatedAt) VALUES (12, NULL, 2, 6, '2026-06-09 18:30:00', '2026-06-09 19:30:00', 'Active', GETUTCDATE());
INSERT INTO Schedules (PrisonerID, ProjectID, LocationID, ShiftID, StartTime, EndTime, Status, CreatedAt) VALUES (12, NULL, 2, 7, '2026-06-09 21:00:00', '2026-06-10 05:30:00', 'Active', GETUTCDATE());
INSERT INTO Schedules (PrisonerID, ProjectID, LocationID, ShiftID, StartTime, EndTime, Status, CreatedAt) VALUES (13, NULL, 11, 1, '2026-06-09 06:00:00', '2026-06-09 07:00:00', 'Active', GETUTCDATE());
INSERT INTO Schedules (PrisonerID, ProjectID, LocationID, ShiftID, StartTime, EndTime, Status, CreatedAt) VALUES (13, 1, 6, 2, '2026-06-09 07:30:00', '2026-06-09 11:30:00', 'Active', GETUTCDATE());
INSERT INTO Schedules (PrisonerID, ProjectID, LocationID, ShiftID, StartTime, EndTime, Status, CreatedAt) VALUES (13, NULL, 13, 3, '2026-06-09 11:30:00', '2026-06-09 13:00:00', 'Active', GETUTCDATE());
INSERT INTO Schedules (PrisonerID, ProjectID, LocationID, ShiftID, StartTime, EndTime, Status, CreatedAt) VALUES (13, 1, 6, 4, '2026-06-09 13:30:00', '2026-06-09 17:30:00', 'Active', GETUTCDATE());
INSERT INTO Schedules (PrisonerID, ProjectID, LocationID, ShiftID, StartTime, EndTime, Status, CreatedAt) VALUES (13, NULL, 11, 5, '2026-06-09 17:30:00', '2026-06-09 18:30:00', 'Active', GETUTCDATE());
INSERT INTO Schedules (PrisonerID, ProjectID, LocationID, ShiftID, StartTime, EndTime, Status, CreatedAt) VALUES (13, NULL, 1, 6, '2026-06-09 18:30:00', '2026-06-09 19:30:00', 'Active', GETUTCDATE());
INSERT INTO Schedules (PrisonerID, ProjectID, LocationID, ShiftID, StartTime, EndTime, Status, CreatedAt) VALUES (13, NULL, 1, 7, '2026-06-09 21:00:00', '2026-06-10 05:30:00', 'Active', GETUTCDATE());
INSERT INTO Schedules (PrisonerID, ProjectID, LocationID, ShiftID, StartTime, EndTime, Status, CreatedAt) VALUES (14, NULL, 11, 1, '2026-06-09 06:00:00', '2026-06-09 07:00:00', 'Active', GETUTCDATE());
INSERT INTO Schedules (PrisonerID, ProjectID, LocationID, ShiftID, StartTime, EndTime, Status, CreatedAt) VALUES (14, 4, 10, 2, '2026-06-09 07:30:00', '2026-06-09 11:30:00', 'Active', GETUTCDATE());
INSERT INTO Schedules (PrisonerID, ProjectID, LocationID, ShiftID, StartTime, EndTime, Status, CreatedAt) VALUES (14, NULL, 13, 3, '2026-06-09 11:30:00', '2026-06-09 13:00:00', 'Active', GETUTCDATE());
INSERT INTO Schedules (PrisonerID, ProjectID, LocationID, ShiftID, StartTime, EndTime, Status, CreatedAt) VALUES (14, 4, 10, 4, '2026-06-09 13:30:00', '2026-06-09 17:30:00', 'Active', GETUTCDATE());
INSERT INTO Schedules (PrisonerID, ProjectID, LocationID, ShiftID, StartTime, EndTime, Status, CreatedAt) VALUES (14, NULL, 11, 5, '2026-06-09 17:30:00', '2026-06-09 18:30:00', 'Active', GETUTCDATE());
INSERT INTO Schedules (PrisonerID, ProjectID, LocationID, ShiftID, StartTime, EndTime, Status, CreatedAt) VALUES (14, NULL, 2, 6, '2026-06-09 18:30:00', '2026-06-09 19:30:00', 'Active', GETUTCDATE());
INSERT INTO Schedules (PrisonerID, ProjectID, LocationID, ShiftID, StartTime, EndTime, Status, CreatedAt) VALUES (14, NULL, 2, 7, '2026-06-09 21:00:00', '2026-06-10 05:30:00', 'Active', GETUTCDATE());
INSERT INTO Schedules (PrisonerID, ProjectID, LocationID, ShiftID, StartTime, EndTime, Status, CreatedAt) VALUES (15, NULL, 11, 1, '2026-06-09 06:00:00', '2026-06-09 07:00:00', 'Active', GETUTCDATE());
INSERT INTO Schedules (PrisonerID, ProjectID, LocationID, ShiftID, StartTime, EndTime, Status, CreatedAt) VALUES (15, 5, 9, 2, '2026-06-09 07:30:00', '2026-06-09 11:30:00', 'Active', GETUTCDATE());
INSERT INTO Schedules (PrisonerID, ProjectID, LocationID, ShiftID, StartTime, EndTime, Status, CreatedAt) VALUES (15, NULL, 13, 3, '2026-06-09 11:30:00', '2026-06-09 13:00:00', 'Active', GETUTCDATE());
INSERT INTO Schedules (PrisonerID, ProjectID, LocationID, ShiftID, StartTime, EndTime, Status, CreatedAt) VALUES (15, 5, 9, 4, '2026-06-09 13:30:00', '2026-06-09 17:30:00', 'Active', GETUTCDATE());
INSERT INTO Schedules (PrisonerID, ProjectID, LocationID, ShiftID, StartTime, EndTime, Status, CreatedAt) VALUES (15, NULL, 11, 5, '2026-06-09 17:30:00', '2026-06-09 18:30:00', 'Active', GETUTCDATE());
INSERT INTO Schedules (PrisonerID, ProjectID, LocationID, ShiftID, StartTime, EndTime, Status, CreatedAt) VALUES (15, NULL, 1, 6, '2026-06-09 18:30:00', '2026-06-09 19:30:00', 'Active', GETUTCDATE());
INSERT INTO Schedules (PrisonerID, ProjectID, LocationID, ShiftID, StartTime, EndTime, Status, CreatedAt) VALUES (15, NULL, 1, 7, '2026-06-09 21:00:00', '2026-06-10 05:30:00', 'Active', GETUTCDATE());
INSERT INTO Schedules (PrisonerID, ProjectID, LocationID, ShiftID, StartTime, EndTime, Status, CreatedAt) VALUES (16, NULL, 11, 1, '2026-06-09 06:00:00', '2026-06-09 07:00:00', 'Active', GETUTCDATE());
INSERT INTO Schedules (PrisonerID, ProjectID, LocationID, ShiftID, StartTime, EndTime, Status, CreatedAt) VALUES (16, 3, 8, 2, '2026-06-09 07:30:00', '2026-06-09 11:30:00', 'Active', GETUTCDATE());
INSERT INTO Schedules (PrisonerID, ProjectID, LocationID, ShiftID, StartTime, EndTime, Status, CreatedAt) VALUES (16, NULL, 2, 3, '2026-06-09 11:30:00', '2026-06-09 13:00:00', 'Active', GETUTCDATE());
INSERT INTO Schedules (PrisonerID, ProjectID, LocationID, ShiftID, StartTime, EndTime, Status, CreatedAt) VALUES (16, 3, 8, 4, '2026-06-09 13:30:00', '2026-06-09 17:30:00', 'Active', GETUTCDATE());
INSERT INTO Schedules (PrisonerID, ProjectID, LocationID, ShiftID, StartTime, EndTime, Status, CreatedAt) VALUES (16, NULL, 11, 5, '2026-06-09 17:30:00', '2026-06-09 18:30:00', 'Active', GETUTCDATE());
INSERT INTO Schedules (PrisonerID, ProjectID, LocationID, ShiftID, StartTime, EndTime, Status, CreatedAt) VALUES (16, NULL, 13, 6, '2026-06-09 18:30:00', '2026-06-09 19:30:00', 'Active', GETUTCDATE());
INSERT INTO Schedules (PrisonerID, ProjectID, LocationID, ShiftID, StartTime, EndTime, Status, CreatedAt) VALUES (16, NULL, 2, 7, '2026-06-09 21:00:00', '2026-06-10 05:30:00', 'Active', GETUTCDATE());
INSERT INTO Schedules (PrisonerID, ProjectID, LocationID, ShiftID, StartTime, EndTime, Status, CreatedAt) VALUES (17, NULL, 11, 1, '2026-06-09 06:00:00', '2026-06-09 07:00:00', 'Active', GETUTCDATE());
INSERT INTO Schedules (PrisonerID, ProjectID, LocationID, ShiftID, StartTime, EndTime, Status, CreatedAt) VALUES (17, NULL, 1, 2, '2026-06-09 07:30:00', '2026-06-09 11:30:00', 'Active', GETUTCDATE());
INSERT INTO Schedules (PrisonerID, ProjectID, LocationID, ShiftID, StartTime, EndTime, Status, CreatedAt) VALUES (17, NULL, 1, 3, '2026-06-09 11:30:00', '2026-06-09 13:00:00', 'Active', GETUTCDATE());
INSERT INTO Schedules (PrisonerID, ProjectID, LocationID, ShiftID, StartTime, EndTime, Status, CreatedAt) VALUES (17, NULL, 1, 4, '2026-06-09 13:30:00', '2026-06-09 17:30:00', 'Active', GETUTCDATE());
INSERT INTO Schedules (PrisonerID, ProjectID, LocationID, ShiftID, StartTime, EndTime, Status, CreatedAt) VALUES (17, NULL, 11, 5, '2026-06-09 17:30:00', '2026-06-09 18:30:00', 'Active', GETUTCDATE());
INSERT INTO Schedules (PrisonerID, ProjectID, LocationID, ShiftID, StartTime, EndTime, Status, CreatedAt) VALUES (17, NULL, 13, 6, '2026-06-09 18:30:00', '2026-06-09 19:30:00', 'Active', GETUTCDATE());
INSERT INTO Schedules (PrisonerID, ProjectID, LocationID, ShiftID, StartTime, EndTime, Status, CreatedAt) VALUES (17, NULL, 1, 7, '2026-06-09 21:00:00', '2026-06-10 05:30:00', 'Active', GETUTCDATE());
INSERT INTO Schedules (PrisonerID, ProjectID, LocationID, ShiftID, StartTime, EndTime, Status, CreatedAt) VALUES (18, NULL, 11, 1, '2026-06-09 06:00:00', '2026-06-09 07:00:00', 'Active', GETUTCDATE());
INSERT INTO Schedules (PrisonerID, ProjectID, LocationID, ShiftID, StartTime, EndTime, Status, CreatedAt) VALUES (18, NULL, 2, 2, '2026-06-09 07:30:00', '2026-06-09 11:30:00', 'Active', GETUTCDATE());
INSERT INTO Schedules (PrisonerID, ProjectID, LocationID, ShiftID, StartTime, EndTime, Status, CreatedAt) VALUES (18, NULL, 2, 3, '2026-06-09 11:30:00', '2026-06-09 13:00:00', 'Active', GETUTCDATE());
INSERT INTO Schedules (PrisonerID, ProjectID, LocationID, ShiftID, StartTime, EndTime, Status, CreatedAt) VALUES (18, NULL, 2, 4, '2026-06-09 13:30:00', '2026-06-09 17:30:00', 'Active', GETUTCDATE());
INSERT INTO Schedules (PrisonerID, ProjectID, LocationID, ShiftID, StartTime, EndTime, Status, CreatedAt) VALUES (18, NULL, 11, 5, '2026-06-09 17:30:00', '2026-06-09 18:30:00', 'Active', GETUTCDATE());
INSERT INTO Schedules (PrisonerID, ProjectID, LocationID, ShiftID, StartTime, EndTime, Status, CreatedAt) VALUES (18, NULL, 13, 6, '2026-06-09 18:30:00', '2026-06-09 19:30:00', 'Active', GETUTCDATE());
INSERT INTO Schedules (PrisonerID, ProjectID, LocationID, ShiftID, StartTime, EndTime, Status, CreatedAt) VALUES (18, NULL, 2, 7, '2026-06-09 21:00:00', '2026-06-10 05:30:00', 'Active', GETUTCDATE());
INSERT INTO Schedules (PrisonerID, ProjectID, LocationID, ShiftID, StartTime, EndTime, Status, CreatedAt) VALUES (19, NULL, 11, 1, '2026-06-09 06:00:00', '2026-06-09 07:00:00', 'Active', GETUTCDATE());
INSERT INTO Schedules (PrisonerID, ProjectID, LocationID, ShiftID, StartTime, EndTime, Status, CreatedAt) VALUES (19, NULL, 1, 2, '2026-06-09 07:30:00', '2026-06-09 11:30:00', 'Active', GETUTCDATE());
INSERT INTO Schedules (PrisonerID, ProjectID, LocationID, ShiftID, StartTime, EndTime, Status, CreatedAt) VALUES (19, NULL, 1, 3, '2026-06-09 11:30:00', '2026-06-09 13:00:00', 'Active', GETUTCDATE());
INSERT INTO Schedules (PrisonerID, ProjectID, LocationID, ShiftID, StartTime, EndTime, Status, CreatedAt) VALUES (19, NULL, 1, 4, '2026-06-09 13:30:00', '2026-06-09 17:30:00', 'Active', GETUTCDATE());
INSERT INTO Schedules (PrisonerID, ProjectID, LocationID, ShiftID, StartTime, EndTime, Status, CreatedAt) VALUES (19, NULL, 11, 5, '2026-06-09 17:30:00', '2026-06-09 18:30:00', 'Active', GETUTCDATE());
INSERT INTO Schedules (PrisonerID, ProjectID, LocationID, ShiftID, StartTime, EndTime, Status, CreatedAt) VALUES (19, NULL, 13, 6, '2026-06-09 18:30:00', '2026-06-09 19:30:00', 'Active', GETUTCDATE());
INSERT INTO Schedules (PrisonerID, ProjectID, LocationID, ShiftID, StartTime, EndTime, Status, CreatedAt) VALUES (19, NULL, 1, 7, '2026-06-09 21:00:00', '2026-06-10 05:30:00', 'Active', GETUTCDATE());
INSERT INTO Schedules (PrisonerID, ProjectID, LocationID, ShiftID, StartTime, EndTime, Status, CreatedAt) VALUES (20, NULL, 11, 1, '2026-06-09 06:00:00', '2026-06-09 07:00:00', 'Active', GETUTCDATE());
INSERT INTO Schedules (PrisonerID, ProjectID, LocationID, ShiftID, StartTime, EndTime, Status, CreatedAt) VALUES (20, NULL, 2, 2, '2026-06-09 07:30:00', '2026-06-09 11:30:00', 'Active', GETUTCDATE());
INSERT INTO Schedules (PrisonerID, ProjectID, LocationID, ShiftID, StartTime, EndTime, Status, CreatedAt) VALUES (20, NULL, 2, 3, '2026-06-09 11:30:00', '2026-06-09 13:00:00', 'Active', GETUTCDATE());
INSERT INTO Schedules (PrisonerID, ProjectID, LocationID, ShiftID, StartTime, EndTime, Status, CreatedAt) VALUES (20, NULL, 2, 4, '2026-06-09 13:30:00', '2026-06-09 17:30:00', 'Active', GETUTCDATE());
INSERT INTO Schedules (PrisonerID, ProjectID, LocationID, ShiftID, StartTime, EndTime, Status, CreatedAt) VALUES (20, NULL, 11, 5, '2026-06-09 17:30:00', '2026-06-09 18:30:00', 'Active', GETUTCDATE());
INSERT INTO Schedules (PrisonerID, ProjectID, LocationID, ShiftID, StartTime, EndTime, Status, CreatedAt) VALUES (20, NULL, 13, 6, '2026-06-09 18:30:00', '2026-06-09 19:30:00', 'Active', GETUTCDATE());
INSERT INTO Schedules (PrisonerID, ProjectID, LocationID, ShiftID, StartTime, EndTime, Status, CreatedAt) VALUES (20, NULL, 2, 7, '2026-06-09 21:00:00', '2026-06-10 05:30:00', 'Active', GETUTCDATE());
INSERT INTO Schedules (PrisonerID, ProjectID, LocationID, ShiftID, StartTime, EndTime, Status, CreatedAt) VALUES (21, NULL, 3, 1, '2026-06-09 06:00:00', '2026-06-09 07:00:00', 'Active', GETUTCDATE());
INSERT INTO Schedules (PrisonerID, ProjectID, LocationID, ShiftID, StartTime, EndTime, Status, CreatedAt) VALUES (21, NULL, 3, 2, '2026-06-09 07:30:00', '2026-06-09 11:30:00', 'Active', GETUTCDATE());
INSERT INTO Schedules (PrisonerID, ProjectID, LocationID, ShiftID, StartTime, EndTime, Status, CreatedAt) VALUES (21, NULL, 3, 3, '2026-06-09 11:30:00', '2026-06-09 13:00:00', 'Active', GETUTCDATE());
INSERT INTO Schedules (PrisonerID, ProjectID, LocationID, ShiftID, StartTime, EndTime, Status, CreatedAt) VALUES (21, NULL, 3, 4, '2026-06-09 13:30:00', '2026-06-09 17:30:00', 'Active', GETUTCDATE());
INSERT INTO Schedules (PrisonerID, ProjectID, LocationID, ShiftID, StartTime, EndTime, Status, CreatedAt) VALUES (21, NULL, 3, 5, '2026-06-09 17:30:00', '2026-06-09 18:30:00', 'Active', GETUTCDATE());
INSERT INTO Schedules (PrisonerID, ProjectID, LocationID, ShiftID, StartTime, EndTime, Status, CreatedAt) VALUES (21, NULL, 13, 6, '2026-06-09 18:30:00', '2026-06-09 19:30:00', 'Active', GETUTCDATE());
INSERT INTO Schedules (PrisonerID, ProjectID, LocationID, ShiftID, StartTime, EndTime, Status, CreatedAt) VALUES (21, NULL, 3, 7, '2026-06-09 21:00:00', '2026-06-10 05:30:00', 'Active', GETUTCDATE());
INSERT INTO Schedules (PrisonerID, ProjectID, LocationID, ShiftID, StartTime, EndTime, Status, CreatedAt) VALUES (22, NULL, 4, 1, '2026-06-09 06:00:00', '2026-06-09 07:00:00', 'Active', GETUTCDATE());
INSERT INTO Schedules (PrisonerID, ProjectID, LocationID, ShiftID, StartTime, EndTime, Status, CreatedAt) VALUES (22, NULL, 4, 2, '2026-06-09 07:30:00', '2026-06-09 11:30:00', 'Active', GETUTCDATE());
INSERT INTO Schedules (PrisonerID, ProjectID, LocationID, ShiftID, StartTime, EndTime, Status, CreatedAt) VALUES (22, NULL, 4, 3, '2026-06-09 11:30:00', '2026-06-09 13:00:00', 'Active', GETUTCDATE());
INSERT INTO Schedules (PrisonerID, ProjectID, LocationID, ShiftID, StartTime, EndTime, Status, CreatedAt) VALUES (22, NULL, 4, 4, '2026-06-09 13:30:00', '2026-06-09 17:30:00', 'Active', GETUTCDATE());
INSERT INTO Schedules (PrisonerID, ProjectID, LocationID, ShiftID, StartTime, EndTime, Status, CreatedAt) VALUES (22, NULL, 4, 5, '2026-06-09 17:30:00', '2026-06-09 18:30:00', 'Active', GETUTCDATE());
INSERT INTO Schedules (PrisonerID, ProjectID, LocationID, ShiftID, StartTime, EndTime, Status, CreatedAt) VALUES (22, NULL, 13, 6, '2026-06-09 18:30:00', '2026-06-09 19:30:00', 'Active', GETUTCDATE());
INSERT INTO Schedules (PrisonerID, ProjectID, LocationID, ShiftID, StartTime, EndTime, Status, CreatedAt) VALUES (22, NULL, 4, 7, '2026-06-09 21:00:00', '2026-06-10 05:30:00', 'Active', GETUTCDATE());
INSERT INTO Schedules (PrisonerID, ProjectID, LocationID, ShiftID, StartTime, EndTime, Status, CreatedAt) VALUES (23, NULL, 3, 1, '2026-06-09 06:00:00', '2026-06-09 07:00:00', 'Active', GETUTCDATE());
INSERT INTO Schedules (PrisonerID, ProjectID, LocationID, ShiftID, StartTime, EndTime, Status, CreatedAt) VALUES (23, NULL, 3, 2, '2026-06-09 07:30:00', '2026-06-09 11:30:00', 'Active', GETUTCDATE());
INSERT INTO Schedules (PrisonerID, ProjectID, LocationID, ShiftID, StartTime, EndTime, Status, CreatedAt) VALUES (23, NULL, 3, 3, '2026-06-09 11:30:00', '2026-06-09 13:00:00', 'Active', GETUTCDATE());
INSERT INTO Schedules (PrisonerID, ProjectID, LocationID, ShiftID, StartTime, EndTime, Status, CreatedAt) VALUES (23, NULL, 3, 4, '2026-06-09 13:30:00', '2026-06-09 17:30:00', 'Active', GETUTCDATE());
INSERT INTO Schedules (PrisonerID, ProjectID, LocationID, ShiftID, StartTime, EndTime, Status, CreatedAt) VALUES (23, NULL, 3, 5, '2026-06-09 17:30:00', '2026-06-09 18:30:00', 'Active', GETUTCDATE());
INSERT INTO Schedules (PrisonerID, ProjectID, LocationID, ShiftID, StartTime, EndTime, Status, CreatedAt) VALUES (23, NULL, 13, 6, '2026-06-09 18:30:00', '2026-06-09 19:30:00', 'Active', GETUTCDATE());
INSERT INTO Schedules (PrisonerID, ProjectID, LocationID, ShiftID, StartTime, EndTime, Status, CreatedAt) VALUES (23, NULL, 3, 7, '2026-06-09 21:00:00', '2026-06-10 05:30:00', 'Active', GETUTCDATE());
INSERT INTO Schedules (PrisonerID, ProjectID, LocationID, ShiftID, StartTime, EndTime, Status, CreatedAt) VALUES (24, NULL, 4, 1, '2026-06-09 06:00:00', '2026-06-09 07:00:00', 'Active', GETUTCDATE());
INSERT INTO Schedules (PrisonerID, ProjectID, LocationID, ShiftID, StartTime, EndTime, Status, CreatedAt) VALUES (24, NULL, 4, 2, '2026-06-09 07:30:00', '2026-06-09 11:30:00', 'Active', GETUTCDATE());
INSERT INTO Schedules (PrisonerID, ProjectID, LocationID, ShiftID, StartTime, EndTime, Status, CreatedAt) VALUES (24, NULL, 4, 3, '2026-06-09 11:30:00', '2026-06-09 13:00:00', 'Active', GETUTCDATE());
INSERT INTO Schedules (PrisonerID, ProjectID, LocationID, ShiftID, StartTime, EndTime, Status, CreatedAt) VALUES (24, NULL, 4, 4, '2026-06-09 13:30:00', '2026-06-09 17:30:00', 'Active', GETUTCDATE());
INSERT INTO Schedules (PrisonerID, ProjectID, LocationID, ShiftID, StartTime, EndTime, Status, CreatedAt) VALUES (24, NULL, 4, 5, '2026-06-09 17:30:00', '2026-06-09 18:30:00', 'Active', GETUTCDATE());
INSERT INTO Schedules (PrisonerID, ProjectID, LocationID, ShiftID, StartTime, EndTime, Status, CreatedAt) VALUES (24, NULL, 13, 6, '2026-06-09 18:30:00', '2026-06-09 19:30:00', 'Active', GETUTCDATE());
INSERT INTO Schedules (PrisonerID, ProjectID, LocationID, ShiftID, StartTime, EndTime, Status, CreatedAt) VALUES (24, NULL, 4, 7, '2026-06-09 21:00:00', '2026-06-10 05:30:00', 'Active', GETUTCDATE());
INSERT INTO Schedules (PrisonerID, ProjectID, LocationID, ShiftID, StartTime, EndTime, Status, CreatedAt) VALUES (25, NULL, 3, 1, '2026-06-09 06:00:00', '2026-06-09 07:00:00', 'Active', GETUTCDATE());
INSERT INTO Schedules (PrisonerID, ProjectID, LocationID, ShiftID, StartTime, EndTime, Status, CreatedAt) VALUES (25, NULL, 3, 2, '2026-06-09 07:30:00', '2026-06-09 11:30:00', 'Active', GETUTCDATE());
INSERT INTO Schedules (PrisonerID, ProjectID, LocationID, ShiftID, StartTime, EndTime, Status, CreatedAt) VALUES (25, NULL, 3, 3, '2026-06-09 11:30:00', '2026-06-09 13:00:00', 'Active', GETUTCDATE());
INSERT INTO Schedules (PrisonerID, ProjectID, LocationID, ShiftID, StartTime, EndTime, Status, CreatedAt) VALUES (25, NULL, 3, 4, '2026-06-09 13:30:00', '2026-06-09 17:30:00', 'Active', GETUTCDATE());
INSERT INTO Schedules (PrisonerID, ProjectID, LocationID, ShiftID, StartTime, EndTime, Status, CreatedAt) VALUES (25, NULL, 3, 5, '2026-06-09 17:30:00', '2026-06-09 18:30:00', 'Active', GETUTCDATE());
INSERT INTO Schedules (PrisonerID, ProjectID, LocationID, ShiftID, StartTime, EndTime, Status, CreatedAt) VALUES (25, NULL, 13, 6, '2026-06-09 18:30:00', '2026-06-09 19:30:00', 'Active', GETUTCDATE());
INSERT INTO Schedules (PrisonerID, ProjectID, LocationID, ShiftID, StartTime, EndTime, Status, CreatedAt) VALUES (25, NULL, 3, 7, '2026-06-09 21:00:00', '2026-06-10 05:30:00', 'Active', GETUTCDATE());
INSERT INTO Schedules (PrisonerID, ProjectID, LocationID, ShiftID, StartTime, EndTime, Status, CreatedAt) VALUES (26, NULL, 4, 1, '2026-06-09 06:00:00', '2026-06-09 07:00:00', 'Active', GETUTCDATE());
INSERT INTO Schedules (PrisonerID, ProjectID, LocationID, ShiftID, StartTime, EndTime, Status, CreatedAt) VALUES (26, NULL, 4, 2, '2026-06-09 07:30:00', '2026-06-09 11:30:00', 'Active', GETUTCDATE());
INSERT INTO Schedules (PrisonerID, ProjectID, LocationID, ShiftID, StartTime, EndTime, Status, CreatedAt) VALUES (26, NULL, 4, 3, '2026-06-09 11:30:00', '2026-06-09 13:00:00', 'Active', GETUTCDATE());
INSERT INTO Schedules (PrisonerID, ProjectID, LocationID, ShiftID, StartTime, EndTime, Status, CreatedAt) VALUES (26, NULL, 4, 4, '2026-06-09 13:30:00', '2026-06-09 17:30:00', 'Active', GETUTCDATE());
INSERT INTO Schedules (PrisonerID, ProjectID, LocationID, ShiftID, StartTime, EndTime, Status, CreatedAt) VALUES (26, NULL, 4, 5, '2026-06-09 17:30:00', '2026-06-09 18:30:00', 'Active', GETUTCDATE());
INSERT INTO Schedules (PrisonerID, ProjectID, LocationID, ShiftID, StartTime, EndTime, Status, CreatedAt) VALUES (26, NULL, 13, 6, '2026-06-09 18:30:00', '2026-06-09 19:30:00', 'Active', GETUTCDATE());
INSERT INTO Schedules (PrisonerID, ProjectID, LocationID, ShiftID, StartTime, EndTime, Status, CreatedAt) VALUES (26, NULL, 4, 7, '2026-06-09 21:00:00', '2026-06-10 05:30:00', 'Active', GETUTCDATE());
INSERT INTO Schedules (PrisonerID, ProjectID, LocationID, ShiftID, StartTime, EndTime, Status, CreatedAt) VALUES (27, NULL, 3, 1, '2026-06-09 06:00:00', '2026-06-09 07:00:00', 'Active', GETUTCDATE());
INSERT INTO Schedules (PrisonerID, ProjectID, LocationID, ShiftID, StartTime, EndTime, Status, CreatedAt) VALUES (27, NULL, 3, 2, '2026-06-09 07:30:00', '2026-06-09 11:30:00', 'Active', GETUTCDATE());
INSERT INTO Schedules (PrisonerID, ProjectID, LocationID, ShiftID, StartTime, EndTime, Status, CreatedAt) VALUES (27, NULL, 3, 3, '2026-06-09 11:30:00', '2026-06-09 13:00:00', 'Active', GETUTCDATE());
INSERT INTO Schedules (PrisonerID, ProjectID, LocationID, ShiftID, StartTime, EndTime, Status, CreatedAt) VALUES (27, NULL, 3, 4, '2026-06-09 13:30:00', '2026-06-09 17:30:00', 'Active', GETUTCDATE());
INSERT INTO Schedules (PrisonerID, ProjectID, LocationID, ShiftID, StartTime, EndTime, Status, CreatedAt) VALUES (27, NULL, 3, 5, '2026-06-09 17:30:00', '2026-06-09 18:30:00', 'Active', GETUTCDATE());
INSERT INTO Schedules (PrisonerID, ProjectID, LocationID, ShiftID, StartTime, EndTime, Status, CreatedAt) VALUES (27, NULL, 13, 6, '2026-06-09 18:30:00', '2026-06-09 19:30:00', 'Active', GETUTCDATE());
INSERT INTO Schedules (PrisonerID, ProjectID, LocationID, ShiftID, StartTime, EndTime, Status, CreatedAt) VALUES (27, NULL, 3, 7, '2026-06-09 21:00:00', '2026-06-10 05:30:00', 'Active', GETUTCDATE());
INSERT INTO Schedules (PrisonerID, ProjectID, LocationID, ShiftID, StartTime, EndTime, Status, CreatedAt) VALUES (28, NULL, 4, 1, '2026-06-09 06:00:00', '2026-06-09 07:00:00', 'Active', GETUTCDATE());
INSERT INTO Schedules (PrisonerID, ProjectID, LocationID, ShiftID, StartTime, EndTime, Status, CreatedAt) VALUES (28, NULL, 4, 2, '2026-06-09 07:30:00', '2026-06-09 11:30:00', 'Active', GETUTCDATE());
INSERT INTO Schedules (PrisonerID, ProjectID, LocationID, ShiftID, StartTime, EndTime, Status, CreatedAt) VALUES (28, NULL, 4, 3, '2026-06-09 11:30:00', '2026-06-09 13:00:00', 'Active', GETUTCDATE());
INSERT INTO Schedules (PrisonerID, ProjectID, LocationID, ShiftID, StartTime, EndTime, Status, CreatedAt) VALUES (28, NULL, 4, 4, '2026-06-09 13:30:00', '2026-06-09 17:30:00', 'Active', GETUTCDATE());
INSERT INTO Schedules (PrisonerID, ProjectID, LocationID, ShiftID, StartTime, EndTime, Status, CreatedAt) VALUES (28, NULL, 4, 5, '2026-06-09 17:30:00', '2026-06-09 18:30:00', 'Active', GETUTCDATE());
INSERT INTO Schedules (PrisonerID, ProjectID, LocationID, ShiftID, StartTime, EndTime, Status, CreatedAt) VALUES (28, NULL, 13, 6, '2026-06-09 18:30:00', '2026-06-09 19:30:00', 'Active', GETUTCDATE());
INSERT INTO Schedules (PrisonerID, ProjectID, LocationID, ShiftID, StartTime, EndTime, Status, CreatedAt) VALUES (28, NULL, 4, 7, '2026-06-09 21:00:00', '2026-06-10 05:30:00', 'Active', GETUTCDATE());
INSERT INTO Schedules (PrisonerID, ProjectID, LocationID, ShiftID, StartTime, EndTime, Status, CreatedAt) VALUES (29, NULL, 5, 1, '2026-06-09 06:00:00', '2026-06-09 07:00:00', 'Active', GETUTCDATE());
INSERT INTO Schedules (PrisonerID, ProjectID, LocationID, ShiftID, StartTime, EndTime, Status, CreatedAt) VALUES (29, NULL, 5, 2, '2026-06-09 07:30:00', '2026-06-09 11:30:00', 'Active', GETUTCDATE());
INSERT INTO Schedules (PrisonerID, ProjectID, LocationID, ShiftID, StartTime, EndTime, Status, CreatedAt) VALUES (29, NULL, 5, 3, '2026-06-09 11:30:00', '2026-06-09 13:00:00', 'Active', GETUTCDATE());
INSERT INTO Schedules (PrisonerID, ProjectID, LocationID, ShiftID, StartTime, EndTime, Status, CreatedAt) VALUES (29, NULL, 5, 4, '2026-06-09 13:30:00', '2026-06-09 17:30:00', 'Active', GETUTCDATE());
INSERT INTO Schedules (PrisonerID, ProjectID, LocationID, ShiftID, StartTime, EndTime, Status, CreatedAt) VALUES (29, NULL, 5, 5, '2026-06-09 17:30:00', '2026-06-09 18:30:00', 'Active', GETUTCDATE());
INSERT INTO Schedules (PrisonerID, ProjectID, LocationID, ShiftID, StartTime, EndTime, Status, CreatedAt) VALUES (29, NULL, 13, 6, '2026-06-09 18:30:00', '2026-06-09 19:30:00', 'Active', GETUTCDATE());
INSERT INTO Schedules (PrisonerID, ProjectID, LocationID, ShiftID, StartTime, EndTime, Status, CreatedAt) VALUES (29, NULL, 5, 7, '2026-06-09 21:00:00', '2026-06-10 05:30:00', 'Active', GETUTCDATE());
INSERT INTO Schedules (PrisonerID, ProjectID, LocationID, ShiftID, StartTime, EndTime, Status, CreatedAt) VALUES (30, NULL, 5, 1, '2026-06-09 06:00:00', '2026-06-09 07:00:00', 'Active', GETUTCDATE());
INSERT INTO Schedules (PrisonerID, ProjectID, LocationID, ShiftID, StartTime, EndTime, Status, CreatedAt) VALUES (30, NULL, 5, 2, '2026-06-09 07:30:00', '2026-06-09 11:30:00', 'Active', GETUTCDATE());
INSERT INTO Schedules (PrisonerID, ProjectID, LocationID, ShiftID, StartTime, EndTime, Status, CreatedAt) VALUES (30, NULL, 5, 3, '2026-06-09 11:30:00', '2026-06-09 13:00:00', 'Active', GETUTCDATE());
INSERT INTO Schedules (PrisonerID, ProjectID, LocationID, ShiftID, StartTime, EndTime, Status, CreatedAt) VALUES (30, NULL, 5, 4, '2026-06-09 13:30:00', '2026-06-09 17:30:00', 'Active', GETUTCDATE());
INSERT INTO Schedules (PrisonerID, ProjectID, LocationID, ShiftID, StartTime, EndTime, Status, CreatedAt) VALUES (30, NULL, 5, 5, '2026-06-09 17:30:00', '2026-06-09 18:30:00', 'Active', GETUTCDATE());
INSERT INTO Schedules (PrisonerID, ProjectID, LocationID, ShiftID, StartTime, EndTime, Status, CreatedAt) VALUES (30, NULL, 13, 6, '2026-06-09 18:30:00', '2026-06-09 19:30:00', 'Active', GETUTCDATE());
INSERT INTO Schedules (PrisonerID, ProjectID, LocationID, ShiftID, StartTime, EndTime, Status, CreatedAt) VALUES (30, NULL, 5, 7, '2026-06-09 21:00:00', '2026-06-10 05:30:00', 'Active', GETUTCDATE());
INSERT INTO Schedules (PrisonerID, ProjectID, LocationID, ShiftID, StartTime, EndTime, Status, CreatedAt) VALUES (1, NULL, 11, 1, '2026-06-10 06:00:00', '2026-06-10 07:00:00', 'Active', GETUTCDATE());
INSERT INTO Schedules (PrisonerID, ProjectID, LocationID, ShiftID, StartTime, EndTime, Status, CreatedAt) VALUES (1, 1, 6, 2, '2026-06-10 07:30:00', '2026-06-10 11:30:00', 'Active', GETUTCDATE());
INSERT INTO Schedules (PrisonerID, ProjectID, LocationID, ShiftID, StartTime, EndTime, Status, CreatedAt) VALUES (1, NULL, 13, 3, '2026-06-10 11:30:00', '2026-06-10 13:00:00', 'Active', GETUTCDATE());
INSERT INTO Schedules (PrisonerID, ProjectID, LocationID, ShiftID, StartTime, EndTime, Status, CreatedAt) VALUES (1, 1, 6, 4, '2026-06-10 13:30:00', '2026-06-10 17:30:00', 'Active', GETUTCDATE());
INSERT INTO Schedules (PrisonerID, ProjectID, LocationID, ShiftID, StartTime, EndTime, Status, CreatedAt) VALUES (1, NULL, 11, 5, '2026-06-10 17:30:00', '2026-06-10 18:30:00', 'Active', GETUTCDATE());
INSERT INTO Schedules (PrisonerID, ProjectID, LocationID, ShiftID, StartTime, EndTime, Status, CreatedAt) VALUES (1, NULL, 1, 6, '2026-06-10 18:30:00', '2026-06-10 19:30:00', 'Active', GETUTCDATE());
INSERT INTO Schedules (PrisonerID, ProjectID, LocationID, ShiftID, StartTime, EndTime, Status, CreatedAt) VALUES (1, NULL, 1, 7, '2026-06-10 21:00:00', '2026-06-11 05:30:00', 'Active', GETUTCDATE());
INSERT INTO Schedules (PrisonerID, ProjectID, LocationID, ShiftID, StartTime, EndTime, Status, CreatedAt) VALUES (2, NULL, 11, 1, '2026-06-10 06:00:00', '2026-06-10 07:00:00', 'Active', GETUTCDATE());
INSERT INTO Schedules (PrisonerID, ProjectID, LocationID, ShiftID, StartTime, EndTime, Status, CreatedAt) VALUES (2, 2, 7, 2, '2026-06-10 07:30:00', '2026-06-10 11:30:00', 'Active', GETUTCDATE());
INSERT INTO Schedules (PrisonerID, ProjectID, LocationID, ShiftID, StartTime, EndTime, Status, CreatedAt) VALUES (2, NULL, 13, 3, '2026-06-10 11:30:00', '2026-06-10 13:00:00', 'Active', GETUTCDATE());
INSERT INTO Schedules (PrisonerID, ProjectID, LocationID, ShiftID, StartTime, EndTime, Status, CreatedAt) VALUES (2, 2, 7, 4, '2026-06-10 13:30:00', '2026-06-10 17:30:00', 'Active', GETUTCDATE());
INSERT INTO Schedules (PrisonerID, ProjectID, LocationID, ShiftID, StartTime, EndTime, Status, CreatedAt) VALUES (2, NULL, 11, 5, '2026-06-10 17:30:00', '2026-06-10 18:30:00', 'Active', GETUTCDATE());
INSERT INTO Schedules (PrisonerID, ProjectID, LocationID, ShiftID, StartTime, EndTime, Status, CreatedAt) VALUES (2, NULL, 2, 6, '2026-06-10 18:30:00', '2026-06-10 19:30:00', 'Active', GETUTCDATE());
INSERT INTO Schedules (PrisonerID, ProjectID, LocationID, ShiftID, StartTime, EndTime, Status, CreatedAt) VALUES (2, NULL, 2, 7, '2026-06-10 21:00:00', '2026-06-11 05:30:00', 'Active', GETUTCDATE());
INSERT INTO Schedules (PrisonerID, ProjectID, LocationID, ShiftID, StartTime, EndTime, Status, CreatedAt) VALUES (3, NULL, 11, 1, '2026-06-10 06:00:00', '2026-06-10 07:00:00', 'Active', GETUTCDATE());
INSERT INTO Schedules (PrisonerID, ProjectID, LocationID, ShiftID, StartTime, EndTime, Status, CreatedAt) VALUES (3, 1, 6, 2, '2026-06-10 07:30:00', '2026-06-10 11:30:00', 'Active', GETUTCDATE());
INSERT INTO Schedules (PrisonerID, ProjectID, LocationID, ShiftID, StartTime, EndTime, Status, CreatedAt) VALUES (3, NULL, 13, 3, '2026-06-10 11:30:00', '2026-06-10 13:00:00', 'Active', GETUTCDATE());
INSERT INTO Schedules (PrisonerID, ProjectID, LocationID, ShiftID, StartTime, EndTime, Status, CreatedAt) VALUES (3, 1, 6, 4, '2026-06-10 13:30:00', '2026-06-10 17:30:00', 'Active', GETUTCDATE());
INSERT INTO Schedules (PrisonerID, ProjectID, LocationID, ShiftID, StartTime, EndTime, Status, CreatedAt) VALUES (3, NULL, 11, 5, '2026-06-10 17:30:00', '2026-06-10 18:30:00', 'Active', GETUTCDATE());
INSERT INTO Schedules (PrisonerID, ProjectID, LocationID, ShiftID, StartTime, EndTime, Status, CreatedAt) VALUES (3, NULL, 1, 6, '2026-06-10 18:30:00', '2026-06-10 19:30:00', 'Active', GETUTCDATE());
INSERT INTO Schedules (PrisonerID, ProjectID, LocationID, ShiftID, StartTime, EndTime, Status, CreatedAt) VALUES (3, NULL, 1, 7, '2026-06-10 21:00:00', '2026-06-11 05:30:00', 'Active', GETUTCDATE());
INSERT INTO Schedules (PrisonerID, ProjectID, LocationID, ShiftID, StartTime, EndTime, Status, CreatedAt) VALUES (4, NULL, 11, 1, '2026-06-10 06:00:00', '2026-06-10 07:00:00', 'Active', GETUTCDATE());
INSERT INTO Schedules (PrisonerID, ProjectID, LocationID, ShiftID, StartTime, EndTime, Status, CreatedAt) VALUES (4, 5, 9, 2, '2026-06-10 07:30:00', '2026-06-10 11:30:00', 'Active', GETUTCDATE());
INSERT INTO Schedules (PrisonerID, ProjectID, LocationID, ShiftID, StartTime, EndTime, Status, CreatedAt) VALUES (4, NULL, 13, 3, '2026-06-10 11:30:00', '2026-06-10 13:00:00', 'Active', GETUTCDATE());
INSERT INTO Schedules (PrisonerID, ProjectID, LocationID, ShiftID, StartTime, EndTime, Status, CreatedAt) VALUES (4, 5, 9, 4, '2026-06-10 13:30:00', '2026-06-10 17:30:00', 'Active', GETUTCDATE());
INSERT INTO Schedules (PrisonerID, ProjectID, LocationID, ShiftID, StartTime, EndTime, Status, CreatedAt) VALUES (4, NULL, 11, 5, '2026-06-10 17:30:00', '2026-06-10 18:30:00', 'Active', GETUTCDATE());
INSERT INTO Schedules (PrisonerID, ProjectID, LocationID, ShiftID, StartTime, EndTime, Status, CreatedAt) VALUES (4, NULL, 1, 6, '2026-06-10 18:30:00', '2026-06-10 19:30:00', 'Active', GETUTCDATE());
INSERT INTO Schedules (PrisonerID, ProjectID, LocationID, ShiftID, StartTime, EndTime, Status, CreatedAt) VALUES (4, NULL, 1, 7, '2026-06-10 21:00:00', '2026-06-11 05:30:00', 'Active', GETUTCDATE());
INSERT INTO Schedules (PrisonerID, ProjectID, LocationID, ShiftID, StartTime, EndTime, Status, CreatedAt) VALUES (5, NULL, 11, 1, '2026-06-10 06:00:00', '2026-06-10 07:00:00', 'Active', GETUTCDATE());
INSERT INTO Schedules (PrisonerID, ProjectID, LocationID, ShiftID, StartTime, EndTime, Status, CreatedAt) VALUES (5, 2, 7, 2, '2026-06-10 07:30:00', '2026-06-10 11:30:00', 'Active', GETUTCDATE());
INSERT INTO Schedules (PrisonerID, ProjectID, LocationID, ShiftID, StartTime, EndTime, Status, CreatedAt) VALUES (5, NULL, 13, 3, '2026-06-10 11:30:00', '2026-06-10 13:00:00', 'Active', GETUTCDATE());
INSERT INTO Schedules (PrisonerID, ProjectID, LocationID, ShiftID, StartTime, EndTime, Status, CreatedAt) VALUES (5, 2, 7, 4, '2026-06-10 13:30:00', '2026-06-10 17:30:00', 'Active', GETUTCDATE());
INSERT INTO Schedules (PrisonerID, ProjectID, LocationID, ShiftID, StartTime, EndTime, Status, CreatedAt) VALUES (5, NULL, 11, 5, '2026-06-10 17:30:00', '2026-06-10 18:30:00', 'Active', GETUTCDATE());
INSERT INTO Schedules (PrisonerID, ProjectID, LocationID, ShiftID, StartTime, EndTime, Status, CreatedAt) VALUES (5, NULL, 2, 6, '2026-06-10 18:30:00', '2026-06-10 19:30:00', 'Active', GETUTCDATE());
INSERT INTO Schedules (PrisonerID, ProjectID, LocationID, ShiftID, StartTime, EndTime, Status, CreatedAt) VALUES (5, NULL, 2, 7, '2026-06-10 21:00:00', '2026-06-11 05:30:00', 'Active', GETUTCDATE());
INSERT INTO Schedules (PrisonerID, ProjectID, LocationID, ShiftID, StartTime, EndTime, Status, CreatedAt) VALUES (6, NULL, 11, 1, '2026-06-10 06:00:00', '2026-06-10 07:00:00', 'Active', GETUTCDATE());
INSERT INTO Schedules (PrisonerID, ProjectID, LocationID, ShiftID, StartTime, EndTime, Status, CreatedAt) VALUES (6, 3, 8, 2, '2026-06-10 07:30:00', '2026-06-10 11:30:00', 'Active', GETUTCDATE());
INSERT INTO Schedules (PrisonerID, ProjectID, LocationID, ShiftID, StartTime, EndTime, Status, CreatedAt) VALUES (6, NULL, 13, 3, '2026-06-10 11:30:00', '2026-06-10 13:00:00', 'Active', GETUTCDATE());
INSERT INTO Schedules (PrisonerID, ProjectID, LocationID, ShiftID, StartTime, EndTime, Status, CreatedAt) VALUES (6, 3, 8, 4, '2026-06-10 13:30:00', '2026-06-10 17:30:00', 'Active', GETUTCDATE());
INSERT INTO Schedules (PrisonerID, ProjectID, LocationID, ShiftID, StartTime, EndTime, Status, CreatedAt) VALUES (6, NULL, 11, 5, '2026-06-10 17:30:00', '2026-06-10 18:30:00', 'Active', GETUTCDATE());
INSERT INTO Schedules (PrisonerID, ProjectID, LocationID, ShiftID, StartTime, EndTime, Status, CreatedAt) VALUES (6, NULL, 1, 6, '2026-06-10 18:30:00', '2026-06-10 19:30:00', 'Active', GETUTCDATE());
INSERT INTO Schedules (PrisonerID, ProjectID, LocationID, ShiftID, StartTime, EndTime, Status, CreatedAt) VALUES (6, NULL, 1, 7, '2026-06-10 21:00:00', '2026-06-11 05:30:00', 'Active', GETUTCDATE());
INSERT INTO Schedules (PrisonerID, ProjectID, LocationID, ShiftID, StartTime, EndTime, Status, CreatedAt) VALUES (7, NULL, 11, 1, '2026-06-10 06:00:00', '2026-06-10 07:00:00', 'Active', GETUTCDATE());
INSERT INTO Schedules (PrisonerID, ProjectID, LocationID, ShiftID, StartTime, EndTime, Status, CreatedAt) VALUES (7, 3, 8, 2, '2026-06-10 07:30:00', '2026-06-10 11:30:00', 'Active', GETUTCDATE());
INSERT INTO Schedules (PrisonerID, ProjectID, LocationID, ShiftID, StartTime, EndTime, Status, CreatedAt) VALUES (7, NULL, 13, 3, '2026-06-10 11:30:00', '2026-06-10 13:00:00', 'Active', GETUTCDATE());
INSERT INTO Schedules (PrisonerID, ProjectID, LocationID, ShiftID, StartTime, EndTime, Status, CreatedAt) VALUES (7, 3, 8, 4, '2026-06-10 13:30:00', '2026-06-10 17:30:00', 'Active', GETUTCDATE());
INSERT INTO Schedules (PrisonerID, ProjectID, LocationID, ShiftID, StartTime, EndTime, Status, CreatedAt) VALUES (7, NULL, 11, 5, '2026-06-10 17:30:00', '2026-06-10 18:30:00', 'Active', GETUTCDATE());
INSERT INTO Schedules (PrisonerID, ProjectID, LocationID, ShiftID, StartTime, EndTime, Status, CreatedAt) VALUES (7, NULL, 2, 6, '2026-06-10 18:30:00', '2026-06-10 19:30:00', 'Active', GETUTCDATE());
INSERT INTO Schedules (PrisonerID, ProjectID, LocationID, ShiftID, StartTime, EndTime, Status, CreatedAt) VALUES (7, NULL, 2, 7, '2026-06-10 21:00:00', '2026-06-11 05:30:00', 'Active', GETUTCDATE());
INSERT INTO Schedules (PrisonerID, ProjectID, LocationID, ShiftID, StartTime, EndTime, Status, CreatedAt) VALUES (8, NULL, 11, 1, '2026-06-10 06:00:00', '2026-06-10 07:00:00', 'Active', GETUTCDATE());
INSERT INTO Schedules (PrisonerID, ProjectID, LocationID, ShiftID, StartTime, EndTime, Status, CreatedAt) VALUES (8, 3, 8, 2, '2026-06-10 07:30:00', '2026-06-10 11:30:00', 'Active', GETUTCDATE());
INSERT INTO Schedules (PrisonerID, ProjectID, LocationID, ShiftID, StartTime, EndTime, Status, CreatedAt) VALUES (8, NULL, 13, 3, '2026-06-10 11:30:00', '2026-06-10 13:00:00', 'Active', GETUTCDATE());
INSERT INTO Schedules (PrisonerID, ProjectID, LocationID, ShiftID, StartTime, EndTime, Status, CreatedAt) VALUES (8, 3, 8, 4, '2026-06-10 13:30:00', '2026-06-10 17:30:00', 'Active', GETUTCDATE());
INSERT INTO Schedules (PrisonerID, ProjectID, LocationID, ShiftID, StartTime, EndTime, Status, CreatedAt) VALUES (8, NULL, 11, 5, '2026-06-10 17:30:00', '2026-06-10 18:30:00', 'Active', GETUTCDATE());
INSERT INTO Schedules (PrisonerID, ProjectID, LocationID, ShiftID, StartTime, EndTime, Status, CreatedAt) VALUES (8, NULL, 1, 6, '2026-06-10 18:30:00', '2026-06-10 19:30:00', 'Active', GETUTCDATE());
INSERT INTO Schedules (PrisonerID, ProjectID, LocationID, ShiftID, StartTime, EndTime, Status, CreatedAt) VALUES (8, NULL, 1, 7, '2026-06-10 21:00:00', '2026-06-11 05:30:00', 'Active', GETUTCDATE());
INSERT INTO Schedules (PrisonerID, ProjectID, LocationID, ShiftID, StartTime, EndTime, Status, CreatedAt) VALUES (9, NULL, 11, 1, '2026-06-10 06:00:00', '2026-06-10 07:00:00', 'Active', GETUTCDATE());
INSERT INTO Schedules (PrisonerID, ProjectID, LocationID, ShiftID, StartTime, EndTime, Status, CreatedAt) VALUES (9, 4, 10, 2, '2026-06-10 07:30:00', '2026-06-10 11:30:00', 'Active', GETUTCDATE());
INSERT INTO Schedules (PrisonerID, ProjectID, LocationID, ShiftID, StartTime, EndTime, Status, CreatedAt) VALUES (9, NULL, 13, 3, '2026-06-10 11:30:00', '2026-06-10 13:00:00', 'Active', GETUTCDATE());
INSERT INTO Schedules (PrisonerID, ProjectID, LocationID, ShiftID, StartTime, EndTime, Status, CreatedAt) VALUES (9, 4, 10, 4, '2026-06-10 13:30:00', '2026-06-10 17:30:00', 'Active', GETUTCDATE());
INSERT INTO Schedules (PrisonerID, ProjectID, LocationID, ShiftID, StartTime, EndTime, Status, CreatedAt) VALUES (9, NULL, 11, 5, '2026-06-10 17:30:00', '2026-06-10 18:30:00', 'Active', GETUTCDATE());
INSERT INTO Schedules (PrisonerID, ProjectID, LocationID, ShiftID, StartTime, EndTime, Status, CreatedAt) VALUES (9, NULL, 2, 6, '2026-06-10 18:30:00', '2026-06-10 19:30:00', 'Active', GETUTCDATE());
INSERT INTO Schedules (PrisonerID, ProjectID, LocationID, ShiftID, StartTime, EndTime, Status, CreatedAt) VALUES (9, NULL, 2, 7, '2026-06-10 21:00:00', '2026-06-11 05:30:00', 'Active', GETUTCDATE());
INSERT INTO Schedules (PrisonerID, ProjectID, LocationID, ShiftID, StartTime, EndTime, Status, CreatedAt) VALUES (10, NULL, 11, 1, '2026-06-10 06:00:00', '2026-06-10 07:00:00', 'Active', GETUTCDATE());
INSERT INTO Schedules (PrisonerID, ProjectID, LocationID, ShiftID, StartTime, EndTime, Status, CreatedAt) VALUES (10, 4, 10, 2, '2026-06-10 07:30:00', '2026-06-10 11:30:00', 'Active', GETUTCDATE());
INSERT INTO Schedules (PrisonerID, ProjectID, LocationID, ShiftID, StartTime, EndTime, Status, CreatedAt) VALUES (10, NULL, 13, 3, '2026-06-10 11:30:00', '2026-06-10 13:00:00', 'Active', GETUTCDATE());
INSERT INTO Schedules (PrisonerID, ProjectID, LocationID, ShiftID, StartTime, EndTime, Status, CreatedAt) VALUES (10, 4, 10, 4, '2026-06-10 13:30:00', '2026-06-10 17:30:00', 'Active', GETUTCDATE());
INSERT INTO Schedules (PrisonerID, ProjectID, LocationID, ShiftID, StartTime, EndTime, Status, CreatedAt) VALUES (10, NULL, 11, 5, '2026-06-10 17:30:00', '2026-06-10 18:30:00', 'Active', GETUTCDATE());
INSERT INTO Schedules (PrisonerID, ProjectID, LocationID, ShiftID, StartTime, EndTime, Status, CreatedAt) VALUES (10, NULL, 2, 6, '2026-06-10 18:30:00', '2026-06-10 19:30:00', 'Active', GETUTCDATE());
INSERT INTO Schedules (PrisonerID, ProjectID, LocationID, ShiftID, StartTime, EndTime, Status, CreatedAt) VALUES (10, NULL, 2, 7, '2026-06-10 21:00:00', '2026-06-11 05:30:00', 'Active', GETUTCDATE());
INSERT INTO Schedules (PrisonerID, ProjectID, LocationID, ShiftID, StartTime, EndTime, Status, CreatedAt) VALUES (11, NULL, 11, 1, '2026-06-10 06:00:00', '2026-06-10 07:00:00', 'Active', GETUTCDATE());
INSERT INTO Schedules (PrisonerID, ProjectID, LocationID, ShiftID, StartTime, EndTime, Status, CreatedAt) VALUES (11, 1, 6, 2, '2026-06-10 07:30:00', '2026-06-10 11:30:00', 'Active', GETUTCDATE());
INSERT INTO Schedules (PrisonerID, ProjectID, LocationID, ShiftID, StartTime, EndTime, Status, CreatedAt) VALUES (11, NULL, 13, 3, '2026-06-10 11:30:00', '2026-06-10 13:00:00', 'Active', GETUTCDATE());
INSERT INTO Schedules (PrisonerID, ProjectID, LocationID, ShiftID, StartTime, EndTime, Status, CreatedAt) VALUES (11, 1, 6, 4, '2026-06-10 13:30:00', '2026-06-10 17:30:00', 'Active', GETUTCDATE());
INSERT INTO Schedules (PrisonerID, ProjectID, LocationID, ShiftID, StartTime, EndTime, Status, CreatedAt) VALUES (11, NULL, 11, 5, '2026-06-10 17:30:00', '2026-06-10 18:30:00', 'Active', GETUTCDATE());
INSERT INTO Schedules (PrisonerID, ProjectID, LocationID, ShiftID, StartTime, EndTime, Status, CreatedAt) VALUES (11, NULL, 1, 6, '2026-06-10 18:30:00', '2026-06-10 19:30:00', 'Active', GETUTCDATE());
INSERT INTO Schedules (PrisonerID, ProjectID, LocationID, ShiftID, StartTime, EndTime, Status, CreatedAt) VALUES (11, NULL, 1, 7, '2026-06-10 21:00:00', '2026-06-11 05:30:00', 'Active', GETUTCDATE());
INSERT INTO Schedules (PrisonerID, ProjectID, LocationID, ShiftID, StartTime, EndTime, Status, CreatedAt) VALUES (12, NULL, 11, 1, '2026-06-10 06:00:00', '2026-06-10 07:00:00', 'Active', GETUTCDATE());
INSERT INTO Schedules (PrisonerID, ProjectID, LocationID, ShiftID, StartTime, EndTime, Status, CreatedAt) VALUES (12, 2, 7, 2, '2026-06-10 07:30:00', '2026-06-10 11:30:00', 'Active', GETUTCDATE());
INSERT INTO Schedules (PrisonerID, ProjectID, LocationID, ShiftID, StartTime, EndTime, Status, CreatedAt) VALUES (12, NULL, 13, 3, '2026-06-10 11:30:00', '2026-06-10 13:00:00', 'Active', GETUTCDATE());
INSERT INTO Schedules (PrisonerID, ProjectID, LocationID, ShiftID, StartTime, EndTime, Status, CreatedAt) VALUES (12, 2, 7, 4, '2026-06-10 13:30:00', '2026-06-10 17:30:00', 'Active', GETUTCDATE());
INSERT INTO Schedules (PrisonerID, ProjectID, LocationID, ShiftID, StartTime, EndTime, Status, CreatedAt) VALUES (12, NULL, 11, 5, '2026-06-10 17:30:00', '2026-06-10 18:30:00', 'Active', GETUTCDATE());
INSERT INTO Schedules (PrisonerID, ProjectID, LocationID, ShiftID, StartTime, EndTime, Status, CreatedAt) VALUES (12, NULL, 2, 6, '2026-06-10 18:30:00', '2026-06-10 19:30:00', 'Active', GETUTCDATE());
INSERT INTO Schedules (PrisonerID, ProjectID, LocationID, ShiftID, StartTime, EndTime, Status, CreatedAt) VALUES (12, NULL, 2, 7, '2026-06-10 21:00:00', '2026-06-11 05:30:00', 'Active', GETUTCDATE());
INSERT INTO Schedules (PrisonerID, ProjectID, LocationID, ShiftID, StartTime, EndTime, Status, CreatedAt) VALUES (13, NULL, 11, 1, '2026-06-10 06:00:00', '2026-06-10 07:00:00', 'Active', GETUTCDATE());
INSERT INTO Schedules (PrisonerID, ProjectID, LocationID, ShiftID, StartTime, EndTime, Status, CreatedAt) VALUES (13, 1, 6, 2, '2026-06-10 07:30:00', '2026-06-10 11:30:00', 'Active', GETUTCDATE());
INSERT INTO Schedules (PrisonerID, ProjectID, LocationID, ShiftID, StartTime, EndTime, Status, CreatedAt) VALUES (13, NULL, 13, 3, '2026-06-10 11:30:00', '2026-06-10 13:00:00', 'Active', GETUTCDATE());
INSERT INTO Schedules (PrisonerID, ProjectID, LocationID, ShiftID, StartTime, EndTime, Status, CreatedAt) VALUES (13, 1, 6, 4, '2026-06-10 13:30:00', '2026-06-10 17:30:00', 'Active', GETUTCDATE());
INSERT INTO Schedules (PrisonerID, ProjectID, LocationID, ShiftID, StartTime, EndTime, Status, CreatedAt) VALUES (13, NULL, 11, 5, '2026-06-10 17:30:00', '2026-06-10 18:30:00', 'Active', GETUTCDATE());
INSERT INTO Schedules (PrisonerID, ProjectID, LocationID, ShiftID, StartTime, EndTime, Status, CreatedAt) VALUES (13, NULL, 1, 6, '2026-06-10 18:30:00', '2026-06-10 19:30:00', 'Active', GETUTCDATE());
INSERT INTO Schedules (PrisonerID, ProjectID, LocationID, ShiftID, StartTime, EndTime, Status, CreatedAt) VALUES (13, NULL, 1, 7, '2026-06-10 21:00:00', '2026-06-11 05:30:00', 'Active', GETUTCDATE());
INSERT INTO Schedules (PrisonerID, ProjectID, LocationID, ShiftID, StartTime, EndTime, Status, CreatedAt) VALUES (14, NULL, 11, 1, '2026-06-10 06:00:00', '2026-06-10 07:00:00', 'Active', GETUTCDATE());
INSERT INTO Schedules (PrisonerID, ProjectID, LocationID, ShiftID, StartTime, EndTime, Status, CreatedAt) VALUES (14, 4, 10, 2, '2026-06-10 07:30:00', '2026-06-10 11:30:00', 'Active', GETUTCDATE());
INSERT INTO Schedules (PrisonerID, ProjectID, LocationID, ShiftID, StartTime, EndTime, Status, CreatedAt) VALUES (14, NULL, 13, 3, '2026-06-10 11:30:00', '2026-06-10 13:00:00', 'Active', GETUTCDATE());
INSERT INTO Schedules (PrisonerID, ProjectID, LocationID, ShiftID, StartTime, EndTime, Status, CreatedAt) VALUES (14, 4, 10, 4, '2026-06-10 13:30:00', '2026-06-10 17:30:00', 'Active', GETUTCDATE());
INSERT INTO Schedules (PrisonerID, ProjectID, LocationID, ShiftID, StartTime, EndTime, Status, CreatedAt) VALUES (14, NULL, 11, 5, '2026-06-10 17:30:00', '2026-06-10 18:30:00', 'Active', GETUTCDATE());
INSERT INTO Schedules (PrisonerID, ProjectID, LocationID, ShiftID, StartTime, EndTime, Status, CreatedAt) VALUES (14, NULL, 2, 6, '2026-06-10 18:30:00', '2026-06-10 19:30:00', 'Active', GETUTCDATE());
INSERT INTO Schedules (PrisonerID, ProjectID, LocationID, ShiftID, StartTime, EndTime, Status, CreatedAt) VALUES (14, NULL, 2, 7, '2026-06-10 21:00:00', '2026-06-11 05:30:00', 'Active', GETUTCDATE());
INSERT INTO Schedules (PrisonerID, ProjectID, LocationID, ShiftID, StartTime, EndTime, Status, CreatedAt) VALUES (15, NULL, 11, 1, '2026-06-10 06:00:00', '2026-06-10 07:00:00', 'Active', GETUTCDATE());
INSERT INTO Schedules (PrisonerID, ProjectID, LocationID, ShiftID, StartTime, EndTime, Status, CreatedAt) VALUES (15, 5, 9, 2, '2026-06-10 07:30:00', '2026-06-10 11:30:00', 'Active', GETUTCDATE());
INSERT INTO Schedules (PrisonerID, ProjectID, LocationID, ShiftID, StartTime, EndTime, Status, CreatedAt) VALUES (15, NULL, 13, 3, '2026-06-10 11:30:00', '2026-06-10 13:00:00', 'Active', GETUTCDATE());
INSERT INTO Schedules (PrisonerID, ProjectID, LocationID, ShiftID, StartTime, EndTime, Status, CreatedAt) VALUES (15, 5, 9, 4, '2026-06-10 13:30:00', '2026-06-10 17:30:00', 'Active', GETUTCDATE());
INSERT INTO Schedules (PrisonerID, ProjectID, LocationID, ShiftID, StartTime, EndTime, Status, CreatedAt) VALUES (15, NULL, 11, 5, '2026-06-10 17:30:00', '2026-06-10 18:30:00', 'Active', GETUTCDATE());
INSERT INTO Schedules (PrisonerID, ProjectID, LocationID, ShiftID, StartTime, EndTime, Status, CreatedAt) VALUES (15, NULL, 1, 6, '2026-06-10 18:30:00', '2026-06-10 19:30:00', 'Active', GETUTCDATE());
INSERT INTO Schedules (PrisonerID, ProjectID, LocationID, ShiftID, StartTime, EndTime, Status, CreatedAt) VALUES (15, NULL, 1, 7, '2026-06-10 21:00:00', '2026-06-11 05:30:00', 'Active', GETUTCDATE());
INSERT INTO Schedules (PrisonerID, ProjectID, LocationID, ShiftID, StartTime, EndTime, Status, CreatedAt) VALUES (16, NULL, 11, 1, '2026-06-10 06:00:00', '2026-06-10 07:00:00', 'Active', GETUTCDATE());
INSERT INTO Schedules (PrisonerID, ProjectID, LocationID, ShiftID, StartTime, EndTime, Status, CreatedAt) VALUES (16, 3, 8, 2, '2026-06-10 07:30:00', '2026-06-10 11:30:00', 'Active', GETUTCDATE());
INSERT INTO Schedules (PrisonerID, ProjectID, LocationID, ShiftID, StartTime, EndTime, Status, CreatedAt) VALUES (16, NULL, 2, 3, '2026-06-10 11:30:00', '2026-06-10 13:00:00', 'Active', GETUTCDATE());
INSERT INTO Schedules (PrisonerID, ProjectID, LocationID, ShiftID, StartTime, EndTime, Status, CreatedAt) VALUES (16, 3, 8, 4, '2026-06-10 13:30:00', '2026-06-10 17:30:00', 'Active', GETUTCDATE());
INSERT INTO Schedules (PrisonerID, ProjectID, LocationID, ShiftID, StartTime, EndTime, Status, CreatedAt) VALUES (16, NULL, 11, 5, '2026-06-10 17:30:00', '2026-06-10 18:30:00', 'Active', GETUTCDATE());
INSERT INTO Schedules (PrisonerID, ProjectID, LocationID, ShiftID, StartTime, EndTime, Status, CreatedAt) VALUES (16, NULL, 13, 6, '2026-06-10 18:30:00', '2026-06-10 19:30:00', 'Active', GETUTCDATE());
INSERT INTO Schedules (PrisonerID, ProjectID, LocationID, ShiftID, StartTime, EndTime, Status, CreatedAt) VALUES (16, NULL, 2, 7, '2026-06-10 21:00:00', '2026-06-11 05:30:00', 'Active', GETUTCDATE());
INSERT INTO Schedules (PrisonerID, ProjectID, LocationID, ShiftID, StartTime, EndTime, Status, CreatedAt) VALUES (17, NULL, 11, 1, '2026-06-10 06:00:00', '2026-06-10 07:00:00', 'Active', GETUTCDATE());
INSERT INTO Schedules (PrisonerID, ProjectID, LocationID, ShiftID, StartTime, EndTime, Status, CreatedAt) VALUES (17, NULL, 1, 2, '2026-06-10 07:30:00', '2026-06-10 11:30:00', 'Active', GETUTCDATE());
INSERT INTO Schedules (PrisonerID, ProjectID, LocationID, ShiftID, StartTime, EndTime, Status, CreatedAt) VALUES (17, NULL, 1, 3, '2026-06-10 11:30:00', '2026-06-10 13:00:00', 'Active', GETUTCDATE());
INSERT INTO Schedules (PrisonerID, ProjectID, LocationID, ShiftID, StartTime, EndTime, Status, CreatedAt) VALUES (17, NULL, 1, 4, '2026-06-10 13:30:00', '2026-06-10 17:30:00', 'Active', GETUTCDATE());
INSERT INTO Schedules (PrisonerID, ProjectID, LocationID, ShiftID, StartTime, EndTime, Status, CreatedAt) VALUES (17, NULL, 11, 5, '2026-06-10 17:30:00', '2026-06-10 18:30:00', 'Active', GETUTCDATE());
INSERT INTO Schedules (PrisonerID, ProjectID, LocationID, ShiftID, StartTime, EndTime, Status, CreatedAt) VALUES (17, NULL, 13, 6, '2026-06-10 18:30:00', '2026-06-10 19:30:00', 'Active', GETUTCDATE());
INSERT INTO Schedules (PrisonerID, ProjectID, LocationID, ShiftID, StartTime, EndTime, Status, CreatedAt) VALUES (17, NULL, 1, 7, '2026-06-10 21:00:00', '2026-06-11 05:30:00', 'Active', GETUTCDATE());
INSERT INTO Schedules (PrisonerID, ProjectID, LocationID, ShiftID, StartTime, EndTime, Status, CreatedAt) VALUES (18, NULL, 11, 1, '2026-06-10 06:00:00', '2026-06-10 07:00:00', 'Active', GETUTCDATE());
INSERT INTO Schedules (PrisonerID, ProjectID, LocationID, ShiftID, StartTime, EndTime, Status, CreatedAt) VALUES (18, NULL, 2, 2, '2026-06-10 07:30:00', '2026-06-10 11:30:00', 'Active', GETUTCDATE());
INSERT INTO Schedules (PrisonerID, ProjectID, LocationID, ShiftID, StartTime, EndTime, Status, CreatedAt) VALUES (18, NULL, 2, 3, '2026-06-10 11:30:00', '2026-06-10 13:00:00', 'Active', GETUTCDATE());
INSERT INTO Schedules (PrisonerID, ProjectID, LocationID, ShiftID, StartTime, EndTime, Status, CreatedAt) VALUES (18, NULL, 2, 4, '2026-06-10 13:30:00', '2026-06-10 17:30:00', 'Active', GETUTCDATE());
INSERT INTO Schedules (PrisonerID, ProjectID, LocationID, ShiftID, StartTime, EndTime, Status, CreatedAt) VALUES (18, NULL, 11, 5, '2026-06-10 17:30:00', '2026-06-10 18:30:00', 'Active', GETUTCDATE());
INSERT INTO Schedules (PrisonerID, ProjectID, LocationID, ShiftID, StartTime, EndTime, Status, CreatedAt) VALUES (18, NULL, 13, 6, '2026-06-10 18:30:00', '2026-06-10 19:30:00', 'Active', GETUTCDATE());
INSERT INTO Schedules (PrisonerID, ProjectID, LocationID, ShiftID, StartTime, EndTime, Status, CreatedAt) VALUES (18, NULL, 2, 7, '2026-06-10 21:00:00', '2026-06-11 05:30:00', 'Active', GETUTCDATE());
INSERT INTO Schedules (PrisonerID, ProjectID, LocationID, ShiftID, StartTime, EndTime, Status, CreatedAt) VALUES (19, NULL, 11, 1, '2026-06-10 06:00:00', '2026-06-10 07:00:00', 'Active', GETUTCDATE());
INSERT INTO Schedules (PrisonerID, ProjectID, LocationID, ShiftID, StartTime, EndTime, Status, CreatedAt) VALUES (19, NULL, 1, 2, '2026-06-10 07:30:00', '2026-06-10 11:30:00', 'Active', GETUTCDATE());
INSERT INTO Schedules (PrisonerID, ProjectID, LocationID, ShiftID, StartTime, EndTime, Status, CreatedAt) VALUES (19, NULL, 1, 3, '2026-06-10 11:30:00', '2026-06-10 13:00:00', 'Active', GETUTCDATE());
INSERT INTO Schedules (PrisonerID, ProjectID, LocationID, ShiftID, StartTime, EndTime, Status, CreatedAt) VALUES (19, NULL, 1, 4, '2026-06-10 13:30:00', '2026-06-10 17:30:00', 'Active', GETUTCDATE());
INSERT INTO Schedules (PrisonerID, ProjectID, LocationID, ShiftID, StartTime, EndTime, Status, CreatedAt) VALUES (19, NULL, 11, 5, '2026-06-10 17:30:00', '2026-06-10 18:30:00', 'Active', GETUTCDATE());
INSERT INTO Schedules (PrisonerID, ProjectID, LocationID, ShiftID, StartTime, EndTime, Status, CreatedAt) VALUES (19, NULL, 13, 6, '2026-06-10 18:30:00', '2026-06-10 19:30:00', 'Active', GETUTCDATE());
INSERT INTO Schedules (PrisonerID, ProjectID, LocationID, ShiftID, StartTime, EndTime, Status, CreatedAt) VALUES (19, NULL, 1, 7, '2026-06-10 21:00:00', '2026-06-11 05:30:00', 'Active', GETUTCDATE());
INSERT INTO Schedules (PrisonerID, ProjectID, LocationID, ShiftID, StartTime, EndTime, Status, CreatedAt) VALUES (20, NULL, 11, 1, '2026-06-10 06:00:00', '2026-06-10 07:00:00', 'Active', GETUTCDATE());
INSERT INTO Schedules (PrisonerID, ProjectID, LocationID, ShiftID, StartTime, EndTime, Status, CreatedAt) VALUES (20, NULL, 2, 2, '2026-06-10 07:30:00', '2026-06-10 11:30:00', 'Active', GETUTCDATE());
INSERT INTO Schedules (PrisonerID, ProjectID, LocationID, ShiftID, StartTime, EndTime, Status, CreatedAt) VALUES (20, NULL, 2, 3, '2026-06-10 11:30:00', '2026-06-10 13:00:00', 'Active', GETUTCDATE());
INSERT INTO Schedules (PrisonerID, ProjectID, LocationID, ShiftID, StartTime, EndTime, Status, CreatedAt) VALUES (20, NULL, 2, 4, '2026-06-10 13:30:00', '2026-06-10 17:30:00', 'Active', GETUTCDATE());
INSERT INTO Schedules (PrisonerID, ProjectID, LocationID, ShiftID, StartTime, EndTime, Status, CreatedAt) VALUES (20, NULL, 11, 5, '2026-06-10 17:30:00', '2026-06-10 18:30:00', 'Active', GETUTCDATE());
INSERT INTO Schedules (PrisonerID, ProjectID, LocationID, ShiftID, StartTime, EndTime, Status, CreatedAt) VALUES (20, NULL, 13, 6, '2026-06-10 18:30:00', '2026-06-10 19:30:00', 'Active', GETUTCDATE());
INSERT INTO Schedules (PrisonerID, ProjectID, LocationID, ShiftID, StartTime, EndTime, Status, CreatedAt) VALUES (20, NULL, 2, 7, '2026-06-10 21:00:00', '2026-06-11 05:30:00', 'Active', GETUTCDATE());
INSERT INTO Schedules (PrisonerID, ProjectID, LocationID, ShiftID, StartTime, EndTime, Status, CreatedAt) VALUES (21, NULL, 3, 1, '2026-06-10 06:00:00', '2026-06-10 07:00:00', 'Active', GETUTCDATE());
INSERT INTO Schedules (PrisonerID, ProjectID, LocationID, ShiftID, StartTime, EndTime, Status, CreatedAt) VALUES (21, NULL, 3, 2, '2026-06-10 07:30:00', '2026-06-10 11:30:00', 'Active', GETUTCDATE());
INSERT INTO Schedules (PrisonerID, ProjectID, LocationID, ShiftID, StartTime, EndTime, Status, CreatedAt) VALUES (21, NULL, 3, 3, '2026-06-10 11:30:00', '2026-06-10 13:00:00', 'Active', GETUTCDATE());
INSERT INTO Schedules (PrisonerID, ProjectID, LocationID, ShiftID, StartTime, EndTime, Status, CreatedAt) VALUES (21, NULL, 3, 4, '2026-06-10 13:30:00', '2026-06-10 17:30:00', 'Active', GETUTCDATE());
INSERT INTO Schedules (PrisonerID, ProjectID, LocationID, ShiftID, StartTime, EndTime, Status, CreatedAt) VALUES (21, NULL, 3, 5, '2026-06-10 17:30:00', '2026-06-10 18:30:00', 'Active', GETUTCDATE());
INSERT INTO Schedules (PrisonerID, ProjectID, LocationID, ShiftID, StartTime, EndTime, Status, CreatedAt) VALUES (21, NULL, 13, 6, '2026-06-10 18:30:00', '2026-06-10 19:30:00', 'Active', GETUTCDATE());
INSERT INTO Schedules (PrisonerID, ProjectID, LocationID, ShiftID, StartTime, EndTime, Status, CreatedAt) VALUES (21, NULL, 3, 7, '2026-06-10 21:00:00', '2026-06-11 05:30:00', 'Active', GETUTCDATE());
INSERT INTO Schedules (PrisonerID, ProjectID, LocationID, ShiftID, StartTime, EndTime, Status, CreatedAt) VALUES (22, NULL, 4, 1, '2026-06-10 06:00:00', '2026-06-10 07:00:00', 'Active', GETUTCDATE());
INSERT INTO Schedules (PrisonerID, ProjectID, LocationID, ShiftID, StartTime, EndTime, Status, CreatedAt) VALUES (22, NULL, 4, 2, '2026-06-10 07:30:00', '2026-06-10 11:30:00', 'Active', GETUTCDATE());
INSERT INTO Schedules (PrisonerID, ProjectID, LocationID, ShiftID, StartTime, EndTime, Status, CreatedAt) VALUES (22, NULL, 4, 3, '2026-06-10 11:30:00', '2026-06-10 13:00:00', 'Active', GETUTCDATE());
INSERT INTO Schedules (PrisonerID, ProjectID, LocationID, ShiftID, StartTime, EndTime, Status, CreatedAt) VALUES (22, NULL, 4, 4, '2026-06-10 13:30:00', '2026-06-10 17:30:00', 'Active', GETUTCDATE());
INSERT INTO Schedules (PrisonerID, ProjectID, LocationID, ShiftID, StartTime, EndTime, Status, CreatedAt) VALUES (22, NULL, 4, 5, '2026-06-10 17:30:00', '2026-06-10 18:30:00', 'Active', GETUTCDATE());
INSERT INTO Schedules (PrisonerID, ProjectID, LocationID, ShiftID, StartTime, EndTime, Status, CreatedAt) VALUES (22, NULL, 13, 6, '2026-06-10 18:30:00', '2026-06-10 19:30:00', 'Active', GETUTCDATE());
INSERT INTO Schedules (PrisonerID, ProjectID, LocationID, ShiftID, StartTime, EndTime, Status, CreatedAt) VALUES (22, NULL, 4, 7, '2026-06-10 21:00:00', '2026-06-11 05:30:00', 'Active', GETUTCDATE());
INSERT INTO Schedules (PrisonerID, ProjectID, LocationID, ShiftID, StartTime, EndTime, Status, CreatedAt) VALUES (23, NULL, 3, 1, '2026-06-10 06:00:00', '2026-06-10 07:00:00', 'Active', GETUTCDATE());
INSERT INTO Schedules (PrisonerID, ProjectID, LocationID, ShiftID, StartTime, EndTime, Status, CreatedAt) VALUES (23, NULL, 3, 2, '2026-06-10 07:30:00', '2026-06-10 11:30:00', 'Active', GETUTCDATE());
INSERT INTO Schedules (PrisonerID, ProjectID, LocationID, ShiftID, StartTime, EndTime, Status, CreatedAt) VALUES (23, NULL, 3, 3, '2026-06-10 11:30:00', '2026-06-10 13:00:00', 'Active', GETUTCDATE());
INSERT INTO Schedules (PrisonerID, ProjectID, LocationID, ShiftID, StartTime, EndTime, Status, CreatedAt) VALUES (23, NULL, 3, 4, '2026-06-10 13:30:00', '2026-06-10 17:30:00', 'Active', GETUTCDATE());
INSERT INTO Schedules (PrisonerID, ProjectID, LocationID, ShiftID, StartTime, EndTime, Status, CreatedAt) VALUES (23, NULL, 3, 5, '2026-06-10 17:30:00', '2026-06-10 18:30:00', 'Active', GETUTCDATE());
INSERT INTO Schedules (PrisonerID, ProjectID, LocationID, ShiftID, StartTime, EndTime, Status, CreatedAt) VALUES (23, NULL, 13, 6, '2026-06-10 18:30:00', '2026-06-10 19:30:00', 'Active', GETUTCDATE());
INSERT INTO Schedules (PrisonerID, ProjectID, LocationID, ShiftID, StartTime, EndTime, Status, CreatedAt) VALUES (23, NULL, 3, 7, '2026-06-10 21:00:00', '2026-06-11 05:30:00', 'Active', GETUTCDATE());
INSERT INTO Schedules (PrisonerID, ProjectID, LocationID, ShiftID, StartTime, EndTime, Status, CreatedAt) VALUES (24, NULL, 4, 1, '2026-06-10 06:00:00', '2026-06-10 07:00:00', 'Active', GETUTCDATE());
INSERT INTO Schedules (PrisonerID, ProjectID, LocationID, ShiftID, StartTime, EndTime, Status, CreatedAt) VALUES (24, NULL, 4, 2, '2026-06-10 07:30:00', '2026-06-10 11:30:00', 'Active', GETUTCDATE());
INSERT INTO Schedules (PrisonerID, ProjectID, LocationID, ShiftID, StartTime, EndTime, Status, CreatedAt) VALUES (24, NULL, 4, 3, '2026-06-10 11:30:00', '2026-06-10 13:00:00', 'Active', GETUTCDATE());
INSERT INTO Schedules (PrisonerID, ProjectID, LocationID, ShiftID, StartTime, EndTime, Status, CreatedAt) VALUES (24, NULL, 4, 4, '2026-06-10 13:30:00', '2026-06-10 17:30:00', 'Active', GETUTCDATE());
INSERT INTO Schedules (PrisonerID, ProjectID, LocationID, ShiftID, StartTime, EndTime, Status, CreatedAt) VALUES (24, NULL, 4, 5, '2026-06-10 17:30:00', '2026-06-10 18:30:00', 'Active', GETUTCDATE());
INSERT INTO Schedules (PrisonerID, ProjectID, LocationID, ShiftID, StartTime, EndTime, Status, CreatedAt) VALUES (24, NULL, 13, 6, '2026-06-10 18:30:00', '2026-06-10 19:30:00', 'Active', GETUTCDATE());
INSERT INTO Schedules (PrisonerID, ProjectID, LocationID, ShiftID, StartTime, EndTime, Status, CreatedAt) VALUES (24, NULL, 4, 7, '2026-06-10 21:00:00', '2026-06-11 05:30:00', 'Active', GETUTCDATE());
INSERT INTO Schedules (PrisonerID, ProjectID, LocationID, ShiftID, StartTime, EndTime, Status, CreatedAt) VALUES (25, NULL, 3, 1, '2026-06-10 06:00:00', '2026-06-10 07:00:00', 'Active', GETUTCDATE());
INSERT INTO Schedules (PrisonerID, ProjectID, LocationID, ShiftID, StartTime, EndTime, Status, CreatedAt) VALUES (25, NULL, 3, 2, '2026-06-10 07:30:00', '2026-06-10 11:30:00', 'Active', GETUTCDATE());
INSERT INTO Schedules (PrisonerID, ProjectID, LocationID, ShiftID, StartTime, EndTime, Status, CreatedAt) VALUES (25, NULL, 3, 3, '2026-06-10 11:30:00', '2026-06-10 13:00:00', 'Active', GETUTCDATE());
INSERT INTO Schedules (PrisonerID, ProjectID, LocationID, ShiftID, StartTime, EndTime, Status, CreatedAt) VALUES (25, NULL, 3, 4, '2026-06-10 13:30:00', '2026-06-10 17:30:00', 'Active', GETUTCDATE());
INSERT INTO Schedules (PrisonerID, ProjectID, LocationID, ShiftID, StartTime, EndTime, Status, CreatedAt) VALUES (25, NULL, 3, 5, '2026-06-10 17:30:00', '2026-06-10 18:30:00', 'Active', GETUTCDATE());
INSERT INTO Schedules (PrisonerID, ProjectID, LocationID, ShiftID, StartTime, EndTime, Status, CreatedAt) VALUES (25, NULL, 13, 6, '2026-06-10 18:30:00', '2026-06-10 19:30:00', 'Active', GETUTCDATE());
INSERT INTO Schedules (PrisonerID, ProjectID, LocationID, ShiftID, StartTime, EndTime, Status, CreatedAt) VALUES (25, NULL, 3, 7, '2026-06-10 21:00:00', '2026-06-11 05:30:00', 'Active', GETUTCDATE());
INSERT INTO Schedules (PrisonerID, ProjectID, LocationID, ShiftID, StartTime, EndTime, Status, CreatedAt) VALUES (26, NULL, 4, 1, '2026-06-10 06:00:00', '2026-06-10 07:00:00', 'Active', GETUTCDATE());
INSERT INTO Schedules (PrisonerID, ProjectID, LocationID, ShiftID, StartTime, EndTime, Status, CreatedAt) VALUES (26, NULL, 4, 2, '2026-06-10 07:30:00', '2026-06-10 11:30:00', 'Active', GETUTCDATE());
INSERT INTO Schedules (PrisonerID, ProjectID, LocationID, ShiftID, StartTime, EndTime, Status, CreatedAt) VALUES (26, NULL, 4, 3, '2026-06-10 11:30:00', '2026-06-10 13:00:00', 'Active', GETUTCDATE());
INSERT INTO Schedules (PrisonerID, ProjectID, LocationID, ShiftID, StartTime, EndTime, Status, CreatedAt) VALUES (26, NULL, 4, 4, '2026-06-10 13:30:00', '2026-06-10 17:30:00', 'Active', GETUTCDATE());
INSERT INTO Schedules (PrisonerID, ProjectID, LocationID, ShiftID, StartTime, EndTime, Status, CreatedAt) VALUES (26, NULL, 4, 5, '2026-06-10 17:30:00', '2026-06-10 18:30:00', 'Active', GETUTCDATE());
INSERT INTO Schedules (PrisonerID, ProjectID, LocationID, ShiftID, StartTime, EndTime, Status, CreatedAt) VALUES (26, NULL, 13, 6, '2026-06-10 18:30:00', '2026-06-10 19:30:00', 'Active', GETUTCDATE());
INSERT INTO Schedules (PrisonerID, ProjectID, LocationID, ShiftID, StartTime, EndTime, Status, CreatedAt) VALUES (26, NULL, 4, 7, '2026-06-10 21:00:00', '2026-06-11 05:30:00', 'Active', GETUTCDATE());
INSERT INTO Schedules (PrisonerID, ProjectID, LocationID, ShiftID, StartTime, EndTime, Status, CreatedAt) VALUES (27, NULL, 3, 1, '2026-06-10 06:00:00', '2026-06-10 07:00:00', 'Active', GETUTCDATE());
INSERT INTO Schedules (PrisonerID, ProjectID, LocationID, ShiftID, StartTime, EndTime, Status, CreatedAt) VALUES (27, NULL, 3, 2, '2026-06-10 07:30:00', '2026-06-10 11:30:00', 'Active', GETUTCDATE());
INSERT INTO Schedules (PrisonerID, ProjectID, LocationID, ShiftID, StartTime, EndTime, Status, CreatedAt) VALUES (27, NULL, 3, 3, '2026-06-10 11:30:00', '2026-06-10 13:00:00', 'Active', GETUTCDATE());
INSERT INTO Schedules (PrisonerID, ProjectID, LocationID, ShiftID, StartTime, EndTime, Status, CreatedAt) VALUES (27, NULL, 3, 4, '2026-06-10 13:30:00', '2026-06-10 17:30:00', 'Active', GETUTCDATE());
INSERT INTO Schedules (PrisonerID, ProjectID, LocationID, ShiftID, StartTime, EndTime, Status, CreatedAt) VALUES (27, NULL, 3, 5, '2026-06-10 17:30:00', '2026-06-10 18:30:00', 'Active', GETUTCDATE());
INSERT INTO Schedules (PrisonerID, ProjectID, LocationID, ShiftID, StartTime, EndTime, Status, CreatedAt) VALUES (27, NULL, 13, 6, '2026-06-10 18:30:00', '2026-06-10 19:30:00', 'Active', GETUTCDATE());
INSERT INTO Schedules (PrisonerID, ProjectID, LocationID, ShiftID, StartTime, EndTime, Status, CreatedAt) VALUES (27, NULL, 3, 7, '2026-06-10 21:00:00', '2026-06-11 05:30:00', 'Active', GETUTCDATE());
INSERT INTO Schedules (PrisonerID, ProjectID, LocationID, ShiftID, StartTime, EndTime, Status, CreatedAt) VALUES (28, NULL, 4, 1, '2026-06-10 06:00:00', '2026-06-10 07:00:00', 'Active', GETUTCDATE());
INSERT INTO Schedules (PrisonerID, ProjectID, LocationID, ShiftID, StartTime, EndTime, Status, CreatedAt) VALUES (28, NULL, 4, 2, '2026-06-10 07:30:00', '2026-06-10 11:30:00', 'Active', GETUTCDATE());
INSERT INTO Schedules (PrisonerID, ProjectID, LocationID, ShiftID, StartTime, EndTime, Status, CreatedAt) VALUES (28, NULL, 4, 3, '2026-06-10 11:30:00', '2026-06-10 13:00:00', 'Active', GETUTCDATE());
INSERT INTO Schedules (PrisonerID, ProjectID, LocationID, ShiftID, StartTime, EndTime, Status, CreatedAt) VALUES (28, NULL, 4, 4, '2026-06-10 13:30:00', '2026-06-10 17:30:00', 'Active', GETUTCDATE());
INSERT INTO Schedules (PrisonerID, ProjectID, LocationID, ShiftID, StartTime, EndTime, Status, CreatedAt) VALUES (28, NULL, 4, 5, '2026-06-10 17:30:00', '2026-06-10 18:30:00', 'Active', GETUTCDATE());
INSERT INTO Schedules (PrisonerID, ProjectID, LocationID, ShiftID, StartTime, EndTime, Status, CreatedAt) VALUES (28, NULL, 13, 6, '2026-06-10 18:30:00', '2026-06-10 19:30:00', 'Active', GETUTCDATE());
INSERT INTO Schedules (PrisonerID, ProjectID, LocationID, ShiftID, StartTime, EndTime, Status, CreatedAt) VALUES (28, NULL, 4, 7, '2026-06-10 21:00:00', '2026-06-11 05:30:00', 'Active', GETUTCDATE());
INSERT INTO Schedules (PrisonerID, ProjectID, LocationID, ShiftID, StartTime, EndTime, Status, CreatedAt) VALUES (29, NULL, 5, 1, '2026-06-10 06:00:00', '2026-06-10 07:00:00', 'Active', GETUTCDATE());
INSERT INTO Schedules (PrisonerID, ProjectID, LocationID, ShiftID, StartTime, EndTime, Status, CreatedAt) VALUES (29, NULL, 5, 2, '2026-06-10 07:30:00', '2026-06-10 11:30:00', 'Active', GETUTCDATE());
INSERT INTO Schedules (PrisonerID, ProjectID, LocationID, ShiftID, StartTime, EndTime, Status, CreatedAt) VALUES (29, NULL, 5, 3, '2026-06-10 11:30:00', '2026-06-10 13:00:00', 'Active', GETUTCDATE());
INSERT INTO Schedules (PrisonerID, ProjectID, LocationID, ShiftID, StartTime, EndTime, Status, CreatedAt) VALUES (29, NULL, 5, 4, '2026-06-10 13:30:00', '2026-06-10 17:30:00', 'Active', GETUTCDATE());
INSERT INTO Schedules (PrisonerID, ProjectID, LocationID, ShiftID, StartTime, EndTime, Status, CreatedAt) VALUES (29, NULL, 5, 5, '2026-06-10 17:30:00', '2026-06-10 18:30:00', 'Active', GETUTCDATE());
INSERT INTO Schedules (PrisonerID, ProjectID, LocationID, ShiftID, StartTime, EndTime, Status, CreatedAt) VALUES (29, NULL, 13, 6, '2026-06-10 18:30:00', '2026-06-10 19:30:00', 'Active', GETUTCDATE());
INSERT INTO Schedules (PrisonerID, ProjectID, LocationID, ShiftID, StartTime, EndTime, Status, CreatedAt) VALUES (29, NULL, 5, 7, '2026-06-10 21:00:00', '2026-06-11 05:30:00', 'Active', GETUTCDATE());
INSERT INTO Schedules (PrisonerID, ProjectID, LocationID, ShiftID, StartTime, EndTime, Status, CreatedAt) VALUES (30, NULL, 5, 1, '2026-06-10 06:00:00', '2026-06-10 07:00:00', 'Active', GETUTCDATE());
INSERT INTO Schedules (PrisonerID, ProjectID, LocationID, ShiftID, StartTime, EndTime, Status, CreatedAt) VALUES (30, NULL, 5, 2, '2026-06-10 07:30:00', '2026-06-10 11:30:00', 'Active', GETUTCDATE());
INSERT INTO Schedules (PrisonerID, ProjectID, LocationID, ShiftID, StartTime, EndTime, Status, CreatedAt) VALUES (30, NULL, 5, 3, '2026-06-10 11:30:00', '2026-06-10 13:00:00', 'Active', GETUTCDATE());
INSERT INTO Schedules (PrisonerID, ProjectID, LocationID, ShiftID, StartTime, EndTime, Status, CreatedAt) VALUES (30, NULL, 5, 4, '2026-06-10 13:30:00', '2026-06-10 17:30:00', 'Active', GETUTCDATE());
INSERT INTO Schedules (PrisonerID, ProjectID, LocationID, ShiftID, StartTime, EndTime, Status, CreatedAt) VALUES (30, NULL, 5, 5, '2026-06-10 17:30:00', '2026-06-10 18:30:00', 'Active', GETUTCDATE());
INSERT INTO Schedules (PrisonerID, ProjectID, LocationID, ShiftID, StartTime, EndTime, Status, CreatedAt) VALUES (30, NULL, 13, 6, '2026-06-10 18:30:00', '2026-06-10 19:30:00', 'Active', GETUTCDATE());
INSERT INTO Schedules (PrisonerID, ProjectID, LocationID, ShiftID, StartTime, EndTime, Status, CreatedAt) VALUES (30, NULL, 5, 7, '2026-06-10 21:00:00', '2026-06-11 05:30:00', 'Active', GETUTCDATE());
GO

PRINT 'Database successfully seeded!';
